SERVICE LEVEL AGREEMENT ( SLA ) MONITORING DATA  ARG,,,,,,,,,,,,,,,,,,,,,,,,,,,,,,,,,,,
BULAN JANUARI 2026,,,,,,,,,,,,,,,,,,,,,,,,,,,,,,,,,,,
,,,,,,,,,,,,,,,,,,,,,,,,,,,,,,,,,,,
No,Merk,Stasiun / PIC,Status,,,,,,,,,,,,,,,,,,,,,,,,,,,,,,,Persentase Aktif (%),KETERANGAN / PERMASALAHAN / MITIGASI
,,,1,2,3,4,5,6,7,8,9,10,11,12,13,14,15,16,17,18,19,20,21,22,23,24,25,26,27,28,29,30,31,,
1,ARG Arso,Staklim Papua,ON,ON,ON,ON,ON,ON,ON,ON,ON,ON,ON,ON,ON,ON,ON,ON,ON,ON,ON,ON,ON,ON,ON,ON,ON,ON,ON,ON,ON,ON,ON,100.0%,
2,ARG Arso 2,,ON,ON,ON,ON,ON,ON,ON,ON,ON,ON,ON,ON,ON,ON,ON,ON,ON,ON,ON,ON,ON,ON,ON,ON,ON,ON,ON,ON,ON,ON,ON,100.0%,
3,ARG Benyom Jaya,,ON,ON,ON,ON,ON,ON,ON,ON,ON,ON,ON,ON,ON,ON,ON,ON,ON,ON,ON,ON,ON,ON,ON,ON,ON,ON,ON,ON,ON,ON,ON,100.0%,
4,ARG Biak Barat,,ON,ON,ON,ON,ON,ON,ON,ON,ON,ON,ON,ON,ON,ON,ON,ON,ON,ON,ON,ON,ON,ON,ON,ON,ON,ON,ON,ON,ON,ON,ON,100.0%,
5,ARG Bonggo,,ON,ON,ON,ON,ON,ON,ON,ON,ON,ON,ON,ON,ON,ON,ON,ON,ON,ON,ON,ON,ON,ON,ON,ON,ON,ON,ON,ON,ON,ON,ON,100.0%,
6,ARG Dok II,,ON,ON,ON,ON,ON,ON,ON,ON,ON,ON,ON,ON,ON,ON,ON,ON,ON,ON,ON,ON,ON,ON,ON,ON,ON,ON,ON,ON,ON,ON,ON,100.0%,
7,ARG Kaoreh,,ON,ON,ON,ON,ON,ON,ON,ON,ON,ON,ON,ON,ON,ON,ON,ON,ON,ON,ON,ON,ON,ON,ON,ON,ON,ON,ON,ON,ON,ON,ON,100.0%,
8,ARG Karya Bumi,,ON,ON,ON,ON,ON,ON,ON,ON,ON,ON,ON,ON,ON,ON,ON,ON,ON,ON,ON,ON,ON,ON,ON,ON,ON,ON,ON,ON,ON,ON,ON,100.0%,
9,ARG KORAMIL Senggi,,OFF,OFF,OFF,OFF,OFF,OFF,OFF,OFF,OFF,OFF,OFF,OFF,OFF,OFF,OFF,OFF,OFF,OFF,OFF,OFF,ON,ON,ON,ON,ON,ON,OFF,OFF,OFF,OFF,OFF,19.4%,Kendala jaringan  dan kelistrikan. tahun ini resisytem
10,ARG Sarmi selatan,,ON,ON,ON,ON,ON,ON,ON,ON,ON,ON,ON,ON,ON,ON,ON,ON,ON,ON,ON,ON,ON,ON,ON,ON,ON,ON,ON,ON,ON,ON,ON,100.0%,
11,ARG Serui,,OFF,OFF,OFF,OFF,OFF,OFF,OFF,OFF,OFF,OFF,OFF,OFF,OFF,OFF,OFF,OFF,OFF,OFF,OFF,OFF,OFF,OFF,OFF,OFF,OFF,OFF,OFF,OFF,OFF,OFF,OFF,0.0%,Kendala jaringan  dan kelistrikan.
12,ARG Betaf,,ON,ON,ON,ON,ON,ON,ON,ON,ON,ON,ON,ON,ON,ON,ON,ON,ON,ON,ON,ON,ON,ON,ON,ON,ON,ON,ON,ON,ON,ON,ON,100.0%,
13,ARG Heram,,ON,ON,ON,ON,ON,ON,ON,ON,ON,ON,ON,ON,ON,ON,ON,ON,ON,ON,ON,ON,ON,ON,ON,ON,ON,ON,ON,ON,ON,ON,ON,100.0%,
14,ARG Waris,,OFF,OFF,OFF,OFF,OFF,ON,ON,ON,ON,ON,ON,ON,ON,ON,ON,ON,ON,ON,ON,ON,ON,ON,ON,ON,ON,ON,ON,ON,ON,ON,ON,83.9%,terdampak migrasi kartu m2m dari pusjarkom
15,ARG Agats,Staklim Papua Selatan,ON,ON,ON,ON,ON,ON,ON,ON,ON,ON,ON,ON,ON,ON,ON,ON,ON,ON,ON,ON,ON,ON,ON,ON,ON,ON,ON,ON,ON,ON,ON,100.0%,
16,ARG Atsj,,ON,ON,ON,ON,ON,ON,ON,ON,ON,ON,ON,ON,ON,ON,ON,ON,ON,ON,ON,ON,ON,ON,ON,ON,ON,ON,ON,ON,ON,ON,ON,100.0%,
17,ARG BP3K Kurik,,ON,ON,ON,ON,ON,ON,ON,ON,ON,ON,ON,ON,ON,ON,ON,ON,ON,ON,ON,ON,ON,ON,ON,ON,ON,ON,ON,ON,ON,ON,ON,100.0%,
18,ARG BP3K Wasur,,ON,ON,ON,ON,ON,ON,ON,ON,ON,ON,ON,ON,ON,ON,ON,ON,ON,ON,ON,ON,ON,ON,ON,ON,ON,ON,ON,ON,ON,ON,ON,100.0%,
19,ARG Kuala Kencana,,ON,ON,ON,ON,ON,ON,ON,ON,ON,ON,ON,ON,ON,ON,ON,ON,ON,ON,ON,ON,ON,ON,ON,ON,ON,ON,ON,ON,ON,ON,ON,100.0%,
20,ARG Ngguti Bob,,ON,ON,ON,ON,ON,ON,ON,ON,ON,ON,ON,ON,ON,ON,ON,ON,ON,ON,ON,ON,ON,ON,ON,ON,ON,ON,ON,ON,ON,ON,OFF,96.8%,
21,ARG SMPK Semangga,,OFF,OFF,OFF,OFF,OFF,OFF,OFF,OFF,OFF,OFF,OFF,OFF,OFF,OFF,OFF,OFF,OFF,OFF,OFF,OFF,OFF,OFF,OFF,OFF,OFF,OFF,OFF,OFF,OFF,OFF,OFF,0.0%,Kendala pada kelistrikan
22,ARG Tanah Merah,,ON,ON,ON,ON,ON,ON,ON,ON,ON,ON,ON,ON,ON,ON,ON,ON,ON,ON,ON,ON,ON,ON,ON,ON,ON,ON,ON,ON,ON,ON,ON,100.0%,
23,ARG Sota,,ON,ON,ON,ON,ON,ON,ON,ON,ON,ON,ON,ON,ON,ON,ON,ON,ON,ON,ON,ON,ON,ON,ON,ON,ON,ON,ON,ON,ON,ON,ON,100.0%,
24,ARG Kimaam,,OFF,OFF,OFF,OFF,OFF,OFF,OFF,OFF,OFF,OFF,OFF,OFF,OFF,OFF,OFF,OFF,OFF,OFF,OFF,OFF,OFF,OFF,OFF,OFF,OFF,OFF,OFF,OFF,OFF,OFF,OFF,0.0%,Kendala pada logger dan accu
25,ARG Ayamaru, Staklim Papua Barat,ON,ON,ON,ON,ON,ON,ON,ON,ON,ON,ON,ON,ON,ON,ON,ON,ON,ON,ON,ON,ON,ON,ON,ON,ON,ON,ON,ON,ON,ON,ON,100.0%,
26,ARG Manimere,,ON,ON,ON,ON,ON,ON,ON,ON,ON,ON,ON,ON,ON,ON,ON,ON,ON,ON,ON,ON,ON,ON,ON,ON,ON,ON,ON,ON,ON,ON,ON,100.0%,
27,ARG Waisai,,OFF,OFF,OFF,OFF,OFF,ON,ON,ON,ON,ON,ON,ON,ON,ON,ON,ON,ON,ON,ON,ON,ON,ON,ON,ON,ON,ON,ON,ON,ON,ON,ON,83.9%,
28,ARG Moswaren,,ON,ON,ON,OFF,ON,ON,ON,OFF,ON,ON,ON,ON,ON,ON,ON,ON,ON,ON,ON,ON,ON,ON,ON,ON,ON,ON,ON,ON,ON,ON,ON,93.5%,
29,ARG Senopi,,ON,ON,ON,ON,ON,ON,ON,ON,ON,ON,ON,ON,ON,ON,ON,ON,ON,ON,ON,ON,ON,ON,ON,ON,ON,ON,ON,ON,ON,ON,ON,100.0%,
30,ARG Stageof Sorong,,ON,ON,ON,ON,ON,ON,ON,ON,ON,ON,ON,ON,ON,ON,ON,ON,ON,ON,ON,ON,ON,ON,ON,ON,ON,ON,ON,ON,ON,ON,ON,100.0%,
31,ARG Suteibey,,ON,ON,ON,ON,ON,ON,ON,ON,ON,ON,ON,ON,ON,ON,ON,ON,ON,ON,ON,ON,ON,ON,ON,ON,ON,ON,ON,ON,ON,ON,ON,100.0%,
32,ARG UNIPA Amban,,ON,OFF,ON,ON,ON,OFF,ON,ON,ON,ON,ON,ON,ON,ON,OFF,ON,OFF,ON,ON,ON,ON,ON,OFF,OFF,OFF,OFF,ON,ON,OFF,OFF,ON,67.7%,
33,ARG Kaimana,,ON,ON,ON,ON,ON,ON,ON,ON,ON,ON,ON,ON,ON,ON,ON,ON,ON,ON,ON,ON,ON,ON,ON,ON,ON,ON,ON,ON,ON,ON,ON,100.0%,
TOTAL PERESENTASE BULANAN,,,,,,,,,,,,,,,,,,,,,,,,,,,,,,,,,,85.8%,
,,,,,,,,,,,,,,,,,,,,,,,,,,,,,,,,,,,
OPERATIONAL LEVEL AGREEMENT (OLA) MONITORING DATA ARG,,,,,,,,,,,,,,,,,,,,,,,,,,,,,,,,,,,
BULAN JANUARI 2026,,,,,,,,,,,,,,,,,,,,,,,,,,,,,,,,,,,
,,,,,,,,,,,,,,,,,,,,,,,,,,,,,,,,,,,
No,Merk,Stasiun / PIC,Status,,,,,,,,,,,,,,,,,,,,,,,,,,,,,,,Persentase Aktif (%),KETERANGAN / PERMASALAHAN / MITIGASI
,,,1,2,3,4,5,6,7,8,9,10,11,12,13,14,15,16,17,18,19,20,21,22,23,24,25,26,27,28,29,30,31,,
1,ARG Arso,Staklim Papua,100%,100%,100%,100%,100%,99%,100%,100%,100%,100%,100%,100%,100%,100%,100%,100%,100%,100%,99%,100%,99%,100%,100%,100%,99%,100%,100%,100%,100%,100%,100%,99.9%,
2,ARG Arso 2,,100%,100%,100%,100%,100%,100%,100%,100%,100%,100%,100%,100%,100%,100%,100%,100%,100%,100%,100%,100%,99%,100%,100%,100%,100%,100%,100%,100%,100%,100%,100%,100.0%,
3,ARG Benyom Jaya,,100%,100%,100%,100%,100%,100%,100%,99%,100%,100%,100%,100%,100%,100%,100%,100%,100%,100%,100%,100%,98%,97%,99%,100%,100%,100%,100%,100%,100%,100%,100%,99.8%,
4,ARG Biak Barat,,100%,100%,100%,100%,100%,100%,100%,100%,100%,100%,99%,100%,100%,100%,100%,100%,100%,100%,100%,100%,100%,100%,100%,100%,100%,100%,100%,100%,100%,100%,100%,100.0%,
5,ARG Bonggo,,75%,59%,54%,43%,54%,59%,43%,39%,40%,40%,44%,72%,41%,56%,51%,57%,28%,10%,26%,30%,18%,36%,48%,34%,25%,32%,18%,31%,25%,16%,28%,39.7%,Kendala sinyal dan performa aki 
6,ARG Dok II,,100%,100%,100%,100%,100%,100%,100%,100%,100%,100%,100%,100%,100%,100%,100%,100%,100%,100%,100%,100%,98%,99%,100%,100%,100%,100%,100%,100%,100%,100%,100%,99.9%,
7,ARG Kaoreh,,100%,100%,100%,100%,100%,100%,100%,100%,100%,100%,100%,100%,100%,98%,99%,84%,66%,100%,100%,100%,100%,100%,100%,97%,100%,99%,99%,68%,86%,99%,100%,96.6%,"Kendala pada kartu simcard, akan dilakukan penggantian pada februari 2026"
8,ARG Karya Bumi,,100%,99%,100%,100%,100%,100%,99%,100%,99%,100%,100%,100%,100%,99%,100%,99%,100%,100%,100%,100%,99%,100%,99%,100%,99%,100%,100%,100%,99%,100%,100%,99.7%,
9,ARG KORAMIL Senggi,,0%,0%,0%,0%,0%,0%,0%,0%,0%,0%,0%,0%,0%,0%,0%,0%,0%,0%,0%,0%,50%,23%,99%,100%,9%,22%,0%,0%,0%,0%,0%,9.8%,Kendala jaringan  dan kelistrikan. tahun ini resisytem
10,ARG Sarmi selatan,,99%,100%,100%,100%,100%,100%,100%,99%,100%,100%,99%,100%,100%,99%,100%,100%,99%,100%,100%,100%,98%,100%,99%,100%,100%,100%,100%,100%,100%,99%,100%,100.0%,
11,ARG Serui,,0%,0%,0%,0%,0%,0%,0%,0%,0%,0%,0%,0%,0%,0%,0%,0%,0%,0%,0%,0%,0%,0%,0%,0%,0%,0%,0%,0%,0%,0%,0%,0.0%,Kendala jaringan  dan kelistrikan.
12,ARG Betaf,,88%,100%,100%,100%,100%,100%,100%,100%,100%,100%,100%,100%,100%,100%,100%,99%,100%,100%,100%,100%,75%,88%,100%,100%,100%,100%,100%,100%,100%,100%,100%,98.4%,
13,ARG Heram,,100%,100%,100%,100%,99%,100%,100%,100%,100%,100%,100%,99%,100%,100%,59%,88%,100%,100%,100%,99%,66%,88%,99%,100%,100%,100%,99%,100%,99%,100%,100%,96.6%,
14,ARG Waris,,99%,100%,100%,99%,100%,100%,94%,99%,100%,100%,99%,99%,100%,97%,100%,96%,97%,100%,99%,93%,95%,95%,97%,96%,100%,92%,89%,95%,96%,100%,100%,97.6%,
15,ARG Agats,Staklim Papua Selatan,100%,100%,100%,100%,100%,100%,100%,100%,100%,100%,100%,100%,100%,100%,100%,100%,100%,100%,100%,100%,100%,100%,100%,100%,100%,100%,100%,100%,100%,100%,100%,100.0%,
16,ARG Atsj,,95%,95%,97%,95%,96%,97%,98%,95%,97%,95%,97%,98%,95%,94%,95%,97%,96%,97%,98%,98%,95%,97%,98%,97%,97%,96%,95%,98%,96%,97%,95%,96.3%,
17,ARG BP3K Kurik,,100%,100%,100%,100%,100%,100%,100%,100%,100%,100%,100%,100%,100%,100%,100%,100%,100%,100%,100%,100%,99%,100%,100%,100%,100%,100%,100%,100%,100%,100%,100%,100.0%,
18,ARG BP3K Wasur,,100%,100%,100%,100%,100%,100%,100%,100%,100%,100%,100%,100%,100%,100%,100%,100%,100%,100%,100%,100%,99%,100%,100%,100%,100%,100%,100%,100%,100%,100%,100%,100.0%,
19,ARG Kuala Kencana,,70%,89%,77%,84%,74%,85%,95%,100%,100%,88%,88%,77%,85%,88%,85%,85%,81%,78%,75%,88%,85%,85%,89%,84%,88%,91%,92%,91%,88%,82%,89%,85.7%,
20,ARG Ngguti Bob,,100%,100%,100%,100%,100%,100%,100%,100%,100%,100%,100%,100%,100%,100%,100%,100%,100%,100%,100%,100%,100%,100%,100%,100%,100%,100%,100%,100%,100%,72%,0%,95.9%,
21,ARG SMPK Semangga,,0%,0%,0%,0%,0%,0%,0%,0%,0%,0%,0%,0%,0%,0%,0%,0%,0%,0%,0%,0%,0%,0%,0%,0%,0%,0%,0%,0%,0%,0%,0%,0.0%,Kendala pada kelistrikan
22,ARG Tanah Merah,,100%,100%,100%,100%,100%,100%,100%,100%,100%,100%,100%,100%,100%,100%,100%,100%,100%,100%,100%,100%,99%,98%,100%,100%,100%,100%,100%,100%,100%,100%,100%,99.9%,
23,ARG Sota,,100%,100%,100%,100%,100%,100%,100%,100%,100%,100%,100%,100%,100%,100%,100%,100%,100%,100%,100%,100%,99%,99%,100%,100%,100%,100%,100%,100%,100%,100%,100%,99.9%,
24,ARG Kimaam,,0%,0%,0%,0%,0%,0%,0%,0%,0%,0%,0%,0%,0%,0%,0%,0%,0%,0%,0%,0%,0%,0%,0%,0%,0%,0%,0%,0%,0%,0%,0%,0.0%,Kendala pada logger dan accu
25,ARG Ayamaru, Staklim Papua Barat,99%,100%,100%,100%,100%,100%,100%,100%,100%,100%,100%,100%,100%,100%,100%,100%,100%,100%,100%,100%,100%,100%,100%,100%,100%,100%,100%,100%,100%,100%,100%,100.0%,
26,ARG Manimere,,100%,100%,100%,100%,100%,100%,100%,100%,100%,99%,99%,100%,100%,100%,100%,100%,100%,100%,100%,98%,100%,100%,99%,100%,100%,99%,99%,100%,100%,100%,99%,99.7%,
27,ARG Waisai,,0%,0%,0%,0%,0%,78%,100%,100%,100%,100%,100%,100%,100%,100%,100%,100%,100%,100%,100%,100%,100%,100%,100%,100%,100%,100%,100%,100%,100%,100%,100%,83.2%,
28,ARG Moswaren,,30%,88%,34%,0%,40%,100%,27%,0%,97%,100%,100%,100%,100%,100%,100%,100%,99%,100%,100%,100%,99%,100%,100%,100%,100%,100%,100%,100%,100%,100%,100%,84.3%,
29,ARG Senopi,,100%,100%,100%,100%,100%,100%,100%,100%,100%,100%,100%,100%,100%,100%,100%,100%,100%,100%,100%,100%,100%,100%,100%,100%,100%,100%,100%,100%,100%,100%,100%,100.0%,
30,ARG Stageof Sorong,,100%,100%,100%,100%,100%,100%,100%,100%,100%,100%,100%,100%,100%,100%,100%,100%,100%,100%,100%,100%,98%,100%,100%,100%,100%,100%,100%,100%,100%,100%,100%,99.9%,
31,ARG Suteibey,,100%,100%,100%,100%,100%,100%,100%,100%,100%,100%,100%,100%,100%,100%,100%,100%,100%,100%,100%,100%,100%,100%,100%,100%,100%,100%,100%,100%,100%,100%,100%,100.0%,
32,ARG UNIPA Amban,,30%,0%,8%,6%,6%,0%,27%,37%,35%,28%,39%,30%,25%,10%,0%,12%,0%,15%,6%,14%,7%,5%,0%,0%,0%,0%,14%,5%,0%,0%,4%,11.7%,
33,ARG Kaimana,,100%,100%,100%,100%,100%,100%,100%,100%,100%,100%,100%,100%,100%,100%,100%,100%,100%,100%,100%,100%,100%,100%,100%,100%,100%,100%,100%,100%,100%,100%,100%,100.0%,
TOTAL PERSENTASE BULANAN,,,,,,,,,,,,,,,,,,,,,,,,,,,,,,,,,,81.1%,
,,,,,,,,,,,,,,,,,,,,,,,,,,,,,,,,,,,
,,,,,,,,,,,,,,,,,,,,,,,,,,,,,,,,,,,
SERVICE LEVEL AGREEMENT ( SLA ) MONITORING DATA  ARG,,,,,,,,,,,,,,,,,,,,,,,,,,,,,,,,,,,
BULAN FEBRUARI 2026,,,,,,,,,,,,,,,,,,,,,,,,,,,,,,,,,,,
,,,,,,,,,,,,,,,,,,,,,,,,,,,,,,,,,,,
No,Merk,Stasiun / PIC,Status,,,,,,,,,,,,,,,,,,,,,,,,,,,,,,,Persentase Aktif (%),KETERANGAN / PERMASALAHAN / MITIGASI
,,,1,2,3,4,5,6,7,8,9,10,11,12,13,14,15,16,17,18,19,20,21,22,23,24,25,26,27,28,-,-,-,,
1,ARG Arso,Staklim Papua,ON,ON,ON,ON,ON,ON,ON,ON,ON,ON,ON,ON,ON,ON,ON,ON,ON,ON,ON,ON,ON,ON,ON,ON,ON,ON,ON,ON,,,,100.0%,
2,ARG Arso 2,,ON,ON,ON,ON,ON,ON,ON,ON,ON,ON,ON,ON,ON,ON,ON,ON,ON,ON,ON,ON,ON,ON,ON,ON,ON,ON,ON,ON,,,,100.0%,
3,ARG Benyom Jaya,,ON,ON,ON,ON,ON,ON,ON,ON,ON,ON,ON,ON,ON,ON,ON,ON,ON,ON,ON,ON,ON,ON,ON,ON,ON,ON,ON,ON,,,,100.0%,
4,ARG Biak Barat,,ON,ON,ON,ON,ON,ON,ON,ON,ON,ON,ON,ON,ON,ON,ON,ON,ON,ON,ON,ON,ON,ON,ON,ON,ON,ON,ON,ON,,,,100.0%,
5,ARG Bonggo,,ON,ON,ON,ON,ON,ON,ON,ON,ON,ON,ON,ON,ON,ON,ON,ON,ON,ON,ON,ON,ON,ON,ON,ON,ON,ON,ON,ON,,,,100.0%,
6,ARG Dok II,,ON,ON,ON,ON,ON,ON,ON,ON,ON,ON,ON,ON,ON,ON,ON,ON,ON,ON,ON,ON,ON,ON,ON,ON,ON,ON,ON,ON,,,,100.0%,
7,ARG Kaoreh,,ON,ON,ON,ON,ON,ON,ON,ON,ON,ON,ON,ON,ON,ON,ON,ON,ON,ON,ON,ON,ON,ON,ON,ON,ON,ON,ON,ON,,,,100.0%,
8,ARG Karya Bumi,,ON,ON,ON,ON,ON,ON,ON,ON,ON,ON,ON,ON,ON,ON,ON,ON,ON,ON,ON,ON,ON,ON,ON,ON,ON,ON,ON,ON,,,,100.0%,
9,ARG KORAMIL Senggi,,OFF,ON,ON,OFF,ON,ON,ON,ON,ON,ON,ON,ON,ON,ON,ON,ON,ON,ON,ON,ON,OFF,OFF,OFF,OFF,OFF,OFF,OFF,OFF,,,,64.3%,
10,ARG Sarmi selatan,,ON,ON,ON,ON,ON,ON,ON,ON,ON,ON,ON,ON,ON,ON,ON,ON,ON,ON,ON,ON,ON,ON,ON,ON,ON,ON,ON,ON,,,,100.0%,
11,ARG Serui,,OFF,OFF,OFF,ON,ON,ON,ON,ON,ON,ON,ON,ON,ON,ON,ON,ON,ON,ON,ON,ON,ON,ON,ON,ON,ON,ON,ON,ON,,,,89.3%,
12,ARG Betaf,,ON,ON,ON,ON,ON,ON,ON,ON,ON,ON,ON,ON,ON,ON,ON,ON,ON,ON,ON,ON,ON,ON,ON,ON,ON,ON,ON,ON,,,,100.0%,
13,ARG Heram,,ON,ON,ON,ON,ON,ON,ON,ON,ON,ON,ON,ON,ON,ON,ON,ON,ON,ON,ON,ON,ON,ON,ON,ON,ON,ON,ON,ON,,,,100.0%,
14,ARG Waris,,ON,ON,ON,ON,ON,ON,ON,ON,ON,ON,ON,ON,ON,ON,ON,ON,ON,ON,ON,ON,ON,ON,ON,ON,ON,ON,ON,ON,,,,100.0%,
15,ARG Agats,Staklim Papua Selatan,ON,ON,ON,ON,ON,ON,ON,ON,ON,ON,ON,ON,ON,ON,ON,ON,ON,ON,ON,ON,ON,ON,ON,ON,ON,ON,ON,ON,,,,100.0%,
16,ARG Atsj,,ON,ON,ON,ON,ON,ON,ON,ON,ON,ON,ON,ON,ON,OFF,OFF,OFF,OFF,OFF,OFF,OFF,OFF,OFF,OFF,OFF,OFF,OFF,OFF,OFF,,,,46.4%,Modem bermasalah
17,ARG BP3K Kurik,,ON,ON,ON,ON,ON,ON,ON,ON,ON,ON,ON,ON,ON,ON,ON,ON,ON,ON,ON,ON,ON,ON,ON,ON,ON,ON,ON,ON,,,,100.0%,
18,ARG BP3K Wasur,,ON,ON,ON,ON,ON,ON,ON,ON,ON,ON,ON,ON,ON,ON,ON,ON,ON,ON,ON,ON,ON,ON,ON,ON,ON,ON,ON,ON,,,,100.0%,
19,ARG Kuala Kencana,,ON,ON,ON,ON,ON,ON,ON,ON,ON,ON,ON,ON,ON,ON,ON,ON,ON,ON,ON,ON,OFF,ON,ON,ON,ON,ON,ON,ON,,,,96.4%,
20,ARG Ngguti Bob,,ON,ON,ON,ON,ON,ON,ON,ON,ON,ON,ON,ON,ON,ON,ON,ON,ON,ON,ON,ON,ON,ON,ON,ON,ON,ON,ON,ON,,,,100.0%,
21,ARG SMPK Semangga,,OFF,OFF,ON,OFF,OFF,OFF,OFF,OFF,OFF,ON,ON,ON,ON,ON,ON,ON,ON,ON,ON,ON,ON,ON,ON,ON,ON,ON,ON,ON,,,,71.4%,Masalah kelistrikan
22,ARG Tanah Merah,,ON,ON,ON,ON,ON,ON,ON,ON,ON,ON,ON,ON,ON,ON,ON,ON,ON,ON,ON,ON,ON,ON,ON,ON,ON,ON,ON,ON,,,,100.0%,
23,ARG Sota,,ON,ON,ON,ON,ON,ON,ON,ON,ON,ON,ON,ON,ON,ON,ON,ON,ON,ON,ON,ON,ON,ON,ON,ON,ON,ON,ON,ON,,,,100.0%,
24,ARG Kimaam,,OFF,OFF,OFF,OFF,OFF,OFF,OFF,OFF,OFF,OFF,OFF,OFF,OFF,OFF,OFF,OFF,OFF,OFF,OFF,OFF,OFF,OFF,OFF,OFF,OFF,OFF,OFF,OFF,,,,0.0%,Masalah pada logger dan accu
25,ARG Ayamaru,Staklim Papua Barat,ON,ON,ON,ON,ON,ON,ON,ON,ON,ON,ON,ON,ON,ON,ON,ON,ON,ON,ON,ON,ON,ON,ON,ON,ON,ON,ON,ON,,,,100.0%,
26,ARG Manimere,,ON,ON,ON,ON,ON,ON,ON,ON,ON,ON,ON,ON,ON,ON,ON,ON,ON,ON,ON,ON,ON,ON,ON,ON,ON,ON,ON,ON,,,,100.0%,
27,ARG Waisai,,ON,ON,ON,ON,ON,ON,ON,ON,ON,ON,ON,ON,ON,ON,ON,ON,ON,ON,ON,ON,ON,ON,ON,ON,ON,ON,ON,ON,,,,100.0%,
28,ARG Moswaren,,ON,ON,ON,ON,ON,ON,ON,ON,ON,ON,ON,ON,ON,ON,ON,ON,ON,ON,ON,ON,ON,ON,ON,ON,ON,ON,ON,ON,,,,100.0%,
29,ARG Senopi,,ON,ON,ON,ON,ON,ON,ON,ON,ON,ON,ON,ON,ON,ON,ON,ON,ON,ON,ON,ON,ON,ON,ON,OFF,ON,ON,ON,ON,,,,96.4%,
30,ARG Stageof Sorong,,ON,ON,ON,ON,ON,ON,ON,ON,ON,ON,ON,ON,ON,ON,ON,ON,ON,ON,ON,ON,ON,ON,ON,ON,ON,ON,ON,ON,,,,100.0%,
31,ARG Suteibey,,ON,ON,ON,ON,ON,ON,ON,ON,ON,ON,ON,ON,ON,ON,ON,ON,ON,ON,ON,ON,ON,ON,ON,ON,ON,ON,ON,ON,,,,100.0%,
32,ARG UNIPA Amban,,ON,ON,OFF,ON,ON,OFF,OFF,OFF,OFF,OFF,OFF,OFF,OFF,OFF,OFF,OFF,OFF,OFF,OFF,OFF,OFF,OFF,OFF,OFF,OFF,OFF,ON,ON,,,,21.4%,
33,ARG Kaimana,,ON,ON,ON,ON,ON,ON,ON,ON,ON,ON,ON,ON,ON,ON,ON,ON,ON,ON,ON,ON,ON,ON,ON,ON,ON,ON,ON,ON,,,,100.0%,
TOTAL PERESENTASE BULANAN,,,,,,,,,,,,,,,,,,,,,,,,,,,,,,,,,,90.2%,
,,,,,,,,,,,,,,,,,,,,,,,,,,,,,,,,,,,
OPERATIONAL LEVEL AGREEMENT (OLA) MONITORING DATA ARG,,,,,,,,,,,,,,,,,,,,,,,,,,,,,,,,,,,
BULAN FEBRUARI 2026,,,,,,,,,,,,,,,,,,,,,,,,,,,,,,,,,,,
,,,,,,,,,,,,,,,,,,,,,,,,,,,,,,,,,,,
No,Merk,Stasiun / PIC,Status,,,,,,,,,,,,,,,,,,,,,,,,,,,,,,,Persentase Aktif (%),KETERANGAN / PERMASALAHAN / MITIGASI
,,,1,2,3,4,5,6,7,8,9,10,11,12,13,14,15,16,17,18,19,20,21,22,23,24,25,26,27,28,,,,,
1,ARG Arso,Staklim Papua,99%,100%,100%,100%,100%,100%,100%,100%,99%,100%,100%,100%,99%,100%,99%,100%,100%,100%,100%,99%,100%,100%,99%,99%,100%,100%,100%,100%,,,,99.8%,
2,ARG Arso 2,,100%,100%,100%,99%,99%,100%,100%,100%,100%,100%,100%,100%,100%,100%,100%,100%,100%,100%,100%,100%,100%,100%,100%,99%,100%,100%,100%,100%,,,,99.9%,
3,ARG Benyom Jaya,,100%,100%,100%,99%,100%,100%,100%,100%,98%,99%,100%,100%,100%,99%,100%,100%,100%,100%,100%,100%,100%,100%,100%,97%,99%,100%,99%,99%,,,,99.6%,
4,ARG Biak Barat,,100%,100%,100%,100%,100%,100%,100%,100%,100%,100%,100%,100%,100%,100%,100%,100%,100%,100%,100%,100%,100%,100%,100%,99%,100%,99%,100%,100%,,,,99.9%,
5,ARG Bonggo,,37%,29%,39%,61%,47%,34%,28%,42%,33%,50%,20%,72%,27%,29%,40%,58%,66%,45%,57%,56%,47%,77%,81%,65%,61%,11%,60%,66%,,,,47.8%,Kendala sinyal dan performa aki 
6,ARG Dok II,,100%,100%,100%,100%,100%,100%,100%,100%,100%,99%,100%,100%,100%,100%,100%,100%,100%,100%,100%,100%,100%,100%,100%,98%,100%,100%,99%,99%,,,,99.8%,
7,ARG Kaoreh,,100%,99%,100%,100%,100%,100%,100%,100%,100%,99%,100%,100%,99%,100%,100%,100%,100%,100%,99%,100%,100%,100%,100%,99%,96%,100%,100%,100%,,,,99.7%,
8,ARG Karya Bumi,,99%,100%,100%,99%,100%,100%,99%,99%,100%,100%,99%,100%,100%,99%,100%,100%,100%,100%,100%,100%,100%,100%,99%,100%,100%,100%,100%,100%,,,,99.8%,
9,ARG KORAMIL Senggi,,0%,40%,29%,0%,43%,88%,70%,61%,76%,97%,95%,100%,100%,100%,100%,100%,100%,98%,99%,22%,0%,0%,0%,0%,0%,0%,0%,0%,,,,50.6%,Kendala jaringan  dan kelistrikan. tahun ini resisytem
10,ARG Sarmi selatan,,100%,99%,99%,100%,100%,99%,100%,100%,99%,99%,100%,100%,100%,100%,100%,100%,100%,100%,100%,100%,100%,100%,99%,99%,100%,99%,100%,100%,,,,99.7%,
11,ARG Serui,,0%,0%,0%,77%,100%,100%,100%,100%,100%,100%,99%,100%,100%,100%,100%,100%,100%,100%,100%,100%,100%,100%,100%,75%,100%,100%,99%,100%,,,,87.5%,Kendala jaringan  dan kelistrikan.
12,ARG Betaf,,100%,100%,100%,100%,100%,97%,43%,100%,100%,100%,100%,100%,100%,100%,99%,100%,100%,98%,100%,100%,100%,100%,100%,100%,100%,100%,98%,97%,,,,97.6%,
13,ARG Heram,,99%,100%,99%,100%,100%,100%,99%,100%,100%,97%,100%,100%,99%,100%,100%,100%,99%,100%,100%,99%,100%,100%,100%,74%,100%,100%,100%,100%,,,,98.8%,
14,ARG Waris,,100%,99%,100%,100%,94%,99%,99%,100%,90%,93%,97%,100%,100%,100%,100%,99%,100%,97%,98%,92%,90%,92%,100%,99%,100%,100%,96%,100%,,,,97.6%,
15,ARG Agats,Staklim Papua Selatan,100%,100%,100%,100%,100%,100%,100%,100%,100%,100%,100%,100%,100%,100%,100%,100%,100%,100%,100%,100%,100%,100%,100%,99%,100%,100%,100%,100%,,,,100.0%,
16,ARG Atsj,,95%,96%,98%,97%,95%,96%,97%,97%,98%,95%,96%,97%,28%,0%,0%,0%,0%,0%,0%,0%,0%,0%,0%,0%,0%,0%,0%,0%,,,,42.3%,Masalah pada modem
17,ARG BP3K Kurik,,100%,100%,100%,99%,100%,100%,100%,100%,100%,100%,99%,100%,100%,100%,100%,100%,100%,100%,100%,99%,100%,100%,100%,100%,100%,100%,98%,100%,,,,99.8%,
18,ARG BP3K Wasur,,100%,100%,100%,100%,100%,100%,100%,100%,100%,100%,100%,100%,100%,100%,100%,100%,100%,100%,100%,100%,100%,100%,100%,99%,100%,100%,100%,100%,,,,100.0%,
19,ARG Kuala Kencana,,88%,89%,92%,77%,86%,93%,81%,92%,89%,92%,86%,95%,85%,92%,88%,95%,91%,92%,100%,84%,0%,2%,96%,72%,99%,100%,98%,99%,,,,84.0%,
20,ARG Ngguti Bob,,0%,81%,100%,100%,100%,100%,100%,100%,100%,99%,100%,99%,98%,100%,100%,99%,99%,100%,100%,100%,100%,100%,100%,98%,99%,99%,99%,100%,,,,95.4%,
21,ARG SMPK Semangga,,0%,0%,2%,0%,0%,0%,0%,0%,0%,6%,73%,100%,100%,100%,100%,100%,100%,100%,100%,100%,100%,100%,100%,99%,99%,100%,99%,100%,,,,63.5%,Masalah kelistrikan
22,ARG Tanah Merah,,100%,100%,100%,100%,100%,100%,100%,100%,100%,100%,100%,100%,100%,100%,100%,100%,100%,100%,100%,100%,100%,100%,100%,99%,100%,100%,100%,100%,,,,100.0%,
23,ARG Sota,,100%,100%,100%,100%,100%,100%,100%,100%,100%,100%,100%,100%,100%,100%,100%,100%,100%,100%,100%,100%,100%,100%,100%,98%,100%,100%,100%,100%,,,,99.9%,
24,ARG Kimaam,,0%,0%,0%,0%,0%,0%,0%,0%,0%,0%,0%,0%,0%,0%,0%,0%,0%,0%,0%,0%,0%,0%,0%,0%,0%,0%,0%,0%,,,,0.0%,Masalah pada logger dan accu
25,ARG Ayamaru, Staklim Papua Barat,100%,100%,100%,100%,100%,100%,100%,100%,100%,100%,100%,100%,100%,100%,100%,100%,100%,100%,100%,100%,100%,100%,100%,100%,100%,100%,100%,100%,,,,100.0%,
26,ARG Manimere,,100%,100%,100%,100%,99%,100%,100%,100%,100%,100%,100%,100%,100%,100%,99%,100%,100%,100%,100%,100%,100%,100%,100%,100%,100%,100%,100%,100%,,,,99.9%,
27,ARG Waisai,,100%,100%,100%,100%,100%,100%,100%,100%,100%,100%,100%,100%,100%,100%,100%,100%,100%,100%,100%,100%,100%,100%,100%,100%,100%,100%,100%,100%,,,,100.0%,
28,ARG Moswaren,,100%,100%,100%,100%,100%,100%,100%,100%,100%,63%,97%,100%,96%,97%,100%,100%,100%,100%,100%,100%,100%,100%,100%,99%,100%,100%,100%,100%,,,,98.3%,
29,ARG Senopi,,100%,100%,100%,100%,100%,100%,100%,100%,100%,100%,100%,100%,100%,100%,100%,100%,100%,100%,96%,67%,45%,3%,28%,0%,29%,9%,49%,49%,,,,77.7%,
30,ARG Stageof Sorong,,100%,100%,100%,100%,100%,100%,100%,100%,100%,100%,99%,100%,100%,100%,100%,100%,100%,100%,100%,100%,100%,100%,100%,99%,100%,100%,100%,100%,,,,99.9%,
31,ARG Suteibey,,100%,100%,100%,100%,100%,100%,100%,100%,100%,100%,100%,100%,100%,100%,100%,100%,100%,100%,100%,100%,100%,100%,100%,100%,100%,100%,100%,100%,,,,100.0%,
32,ARG UNIPA Amban,,4%,8%,0%,4%,4%,0%,0%,0%,0%,0%,0%,0%,0%,0%,0%,0%,0%,0%,0%,0%,0%,0%,0%,0%,0%,0%,90%,100%,,,,7.5%,
33,ARG Kaimana,,100%,100%,100%,100%,100%,100%,100%,100%,100%,100%,100%,100%,84%,0%,0%,80%,100%,100%,99%,100%,100%,100%,100%,100%,100%,100%,100%,100%,,,,91.5%,
TOTAL PERSENTASE BULANAN,,,,,,,,,,,,,,,,,,,,,,,,,,,,,,,,,,85.8%,
,,,,,,,,,,,,,,,,,,,,,,,,,,,,,,,,,,,
,,,,,,,,,,,,,,,,,,,,,,,,,,,,,,,,,,,
SERVICE LEVEL AGREEMENT ( SLA ) MONITORING DATA  ARG,,,,,,,,,,,,,,,,,,,,,,,,,,,,,,,,,,,
BULAN MARET 2026,,,,,,,,,,,,,,,,,,,,,,,,,,,,,,,,,,,
,,,,,,,,,,,,,,,,,,,,,,,,,,,,,,,,,,,
No,Merk,Stasiun / PIC,Status,,,,,,,,,,,,,,,,,,,,,,,,,,,,,,,Persentase Aktif (%),KETERANGAN / PERMASALAHAN / MITIGASI
,,,1,2,3,4,5,6,7,8,9,10,11,12,13,14,15,16,17,18,19,20,21,22,23,24,25,26,27,28,29,30,31,,
1,ARG Arso,Staklim Papua,ON,ON,ON,ON,ON,ON,ON,ON,ON,ON,ON,ON,ON,ON,ON,ON,ON,ON,ON,ON,ON,ON,ON,ON,ON,ON,ON,ON,ON,ON,ON,100.0%,
2,ARG Arso 2,,ON,ON,ON,ON,ON,ON,ON,ON,ON,ON,ON,ON,ON,ON,ON,ON,ON,ON,ON,ON,ON,ON,ON,ON,ON,ON,ON,ON,ON,ON,ON,100.0%,
3,ARG Benyom Jaya,,ON,ON,ON,ON,ON,ON,ON,ON,ON,ON,ON,ON,ON,ON,ON,ON,ON,ON,ON,ON,ON,ON,ON,ON,ON,ON,ON,ON,ON,ON,ON,100.0%,
4,ARG Biak Barat,,ON,ON,ON,ON,ON,ON,ON,ON,ON,ON,ON,ON,ON,ON,ON,ON,ON,ON,ON,ON,ON,ON,ON,ON,ON,ON,ON,ON,ON,ON,ON,100.0%,
5,ARG Bonggo,,ON,ON,ON,ON,ON,ON,ON,ON,ON,ON,ON,ON,ON,ON,ON,ON,ON,ON,ON,ON,ON,ON,ON,ON,ON,ON,ON,ON,ON,ON,ON,100.0%,
6,ARG Dok II,,ON,ON,ON,ON,ON,ON,ON,ON,ON,ON,ON,ON,ON,ON,ON,ON,ON,ON,ON,ON,ON,ON,ON,ON,ON,ON,ON,ON,ON,ON,ON,100.0%,
7,ARG Kaoreh,,ON,ON,ON,ON,ON,ON,ON,ON,ON,ON,ON,ON,ON,ON,ON,ON,ON,ON,ON,ON,ON,ON,ON,ON,ON,ON,ON,ON,ON,ON,ON,100.0%,
8,ARG Karya Bumi,,ON,ON,ON,ON,ON,ON,ON,ON,ON,ON,ON,ON,ON,ON,ON,ON,ON,ON,ON,ON,ON,ON,ON,ON,ON,ON,ON,ON,ON,ON,ON,100.0%,
9,ARG KORAMIL Senggi,,OFF,OFF,ON,ON,ON,ON,ON,ON,ON,ON,ON,ON,ON,ON,ON,ON,ON,OFF,ON,ON,OFF,ON,ON,ON,ON,ON,ON,ON,ON,ON,ON,87.1%,
10,ARG Sarmi selatan,,ON,ON,ON,ON,ON,ON,ON,ON,ON,ON,ON,ON,ON,ON,ON,ON,ON,ON,ON,ON,ON,ON,ON,ON,ON,ON,ON,ON,ON,ON,ON,100.0%,
11,ARG Serui,,ON,ON,ON,ON,ON,ON,ON,ON,ON,ON,ON,ON,ON,ON,ON,ON,ON,ON,ON,ON,ON,ON,ON,ON,ON,ON,ON,ON,ON,ON,ON,100.0%,
12,ARG Betaf,,ON,ON,ON,ON,ON,ON,ON,ON,ON,ON,ON,ON,ON,ON,ON,ON,ON,ON,ON,ON,ON,ON,ON,ON,ON,ON,ON,ON,ON,ON,ON,100.0%,
13,ARG Heram,,ON,ON,ON,ON,ON,ON,ON,ON,ON,ON,ON,ON,ON,ON,ON,ON,ON,ON,ON,ON,ON,ON,ON,ON,ON,ON,ON,ON,ON,ON,ON,100.0%,
14,ARG Waris,,ON,ON,ON,ON,ON,ON,ON,ON,ON,ON,ON,ON,ON,ON,ON,ON,ON,ON,ON,ON,ON,ON,ON,ON,ON,ON,ON,ON,ON,ON,ON,100.0%,
15,ARG Agats,Staklim Papua Selatan,ON,ON,ON,ON,ON,ON,ON,ON,ON,ON,ON,ON,ON,ON,ON,ON,ON,ON,ON,ON,ON,ON,ON,OFF,ON,ON,ON,ON,ON,ON,ON,96.8%,
16,ARG Atsj,,OFF,OFF,OFF,ON,ON,ON,ON,ON,ON,ON,ON,ON,ON,ON,ON,ON,ON,ON,ON,ON,ON,ON,ON,ON,ON,ON,ON,ON,ON,ON,ON,90.3%,Modem bermasalah
17,ARG BP3K Kurik,,ON,ON,ON,ON,ON,ON,ON,ON,ON,ON,ON,ON,ON,ON,ON,ON,ON,ON,ON,ON,ON,ON,ON,ON,ON,ON,ON,ON,ON,ON,ON,100.0%,
18,ARG BP3K Wasur,,ON,ON,ON,ON,ON,ON,ON,ON,ON,ON,ON,ON,ON,ON,ON,ON,ON,ON,ON,ON,ON,ON,ON,ON,ON,ON,ON,ON,ON,ON,ON,100.0%,
19,ARG Kuala Kencana,,ON,ON,ON,ON,ON,ON,ON,ON,ON,ON,ON,ON,ON,ON,ON,ON,ON,ON,ON,ON,ON,ON,ON,ON,ON,ON,ON,ON,ON,ON,ON,100.0%,
20,ARG Ngguti Bob,,ON,ON,ON,ON,ON,ON,ON,ON,ON,ON,ON,ON,ON,ON,ON,ON,ON,ON,ON,ON,ON,ON,ON,ON,ON,ON,ON,ON,ON,ON,ON,100.0%,
21,ARG SMPK Semangga,,ON,ON,ON,ON,ON,ON,ON,ON,ON,ON,ON,ON,ON,ON,ON,ON,ON,ON,ON,ON,ON,ON,ON,ON,ON,ON,ON,ON,ON,ON,ON,100.0%,
22,ARG Tanah Merah,,ON,ON,ON,ON,ON,ON,ON,ON,ON,ON,ON,ON,ON,ON,ON,ON,ON,ON,ON,ON,ON,ON,ON,ON,ON,ON,ON,ON,ON,ON,ON,100.0%,
23,ARG Sota,,ON,ON,ON,ON,ON,ON,ON,ON,ON,ON,ON,ON,ON,ON,ON,ON,ON,ON,ON,ON,ON,ON,ON,ON,ON,ON,ON,ON,ON,ON,ON,100.0%,
24,ARG Kimaam,,OFF,OFF,OFF,OFF,OFF,OFF,OFF,OFF,OFF,OFF,OFF,OFF,OFF,OFF,OFF,OFF,OFF,OFF,OFF,OFF,OFF,OFF,OFF,OFF,OFF,OFF,OFF,OFF,ON,ON,ON,9.7%,Masalah pada logger dan accu
25,ARG Ayamaru,Staklim Papua Barat,ON,ON,ON,ON,ON,ON,ON,ON,ON,ON,ON,ON,ON,ON,ON,ON,ON,ON,ON,ON,ON,ON,ON,ON,ON,ON,ON,ON,ON,ON,ON,100.0%,
26,ARG Manimere,,ON,ON,ON,ON,ON,ON,ON,ON,ON,ON,ON,ON,ON,ON,ON,ON,ON,ON,ON,ON,ON,ON,ON,ON,ON,ON,ON,ON,ON,ON,ON,100.0%,
27,ARG Waisai,,ON,ON,ON,ON,ON,ON,ON,ON,ON,ON,ON,ON,ON,ON,ON,ON,ON,ON,ON,ON,ON,ON,ON,ON,ON,ON,ON,ON,ON,ON,ON,100.0%,
28,ARG Moswaren,,ON,ON,ON,ON,ON,ON,ON,ON,ON,ON,ON,ON,ON,ON,ON,ON,ON,ON,ON,ON,ON,ON,ON,ON,ON,ON,ON,ON,ON,ON,ON,100.0%,
29,ARG Senopi,,ON,ON,ON,ON,ON,ON,ON,ON,ON,ON,ON,ON,ON,ON,ON,ON,ON,ON,ON,ON,ON,ON,ON,ON,ON,ON,ON,OFF,OFF,OFF,OFF,87.1%,Problem pada regulator dan perlu ganti baterai
30,ARG Stageof Sorong,,ON,ON,ON,ON,ON,ON,ON,ON,ON,ON,ON,ON,ON,ON,ON,ON,ON,ON,ON,ON,ON,ON,ON,ON,ON,ON,ON,ON,ON,ON,ON,100.0%,
31,ARG Suteibey,,ON,ON,ON,ON,ON,ON,ON,ON,ON,ON,ON,ON,ON,ON,ON,ON,ON,ON,ON,ON,ON,ON,ON,ON,ON,ON,ON,ON,ON,ON,ON,100.0%,
32,ARG UNIPA Amban,,ON,ON,ON,ON,ON,ON,ON,ON,ON,ON,ON,ON,ON,ON,ON,ON,ON,ON,ON,ON,ON,ON,ON,ON,ON,ON,ON,ON,ON,ON,ON,100.0%,
33,ARG Kaimana,,ON,ON,ON,ON,ON,ON,ON,ON,ON,ON,ON,ON,ON,ON,ON,ON,ON,ON,ON,ON,ON,ON,ON,ON,ON,ON,ON,ON,ON,ON,ON,100.0%,
TOTAL PERESENTASE BULANAN,,,,,,,,,,,,,,,,,,,,,,,,,,,,,,,,,,96.0%,
,,,,,,,,,,,,,,,,,,,,,,,,,,,,,,,,,,,
OPERATIONAL LEVEL AGREEMENT (OLA) MONITORING DATA ARG,,,,,,,,,,,,,,,,,,,,,,,,,,,,,,,,,,,
BULAN MARET 2026,,,,,,,,,,,,,,,,,,,,,,,,,,,,,,,,,,,
,,,,,,,,,,,,,,,,,,,,,,,,,,,,,,,,,,,
No,Merk,Stasiun / PIC,Status,,,,,,,,,,,,,,,,,,,,,,,,,,,,,,,Persentase Aktif (%),KETERANGAN / PERMASALAHAN / MITIGASI
,,,1,2,3,4,5,6,7,8,9,10,11,12,13,14,15,16,17,18,19,20,21,22,23,24,25,26,27,28,29,30,31,,
1,ARG Arso,Staklim Papua,100%,100%,100%,100%,100%,100%,100%,100%,100%,100%,100%,100%,100%,100%,100%,100%,100%,100%,100%,100%,100%,100%,100%,100%,100%,100%,100%,100%,100%,100%,100%,100.0%,
2,ARG Arso 2,,100%,100%,100%,100%,100%,100%,100%,100%,100%,100%,100%,100%,100%,100%,100%,100%,100%,100%,100%,100%,100%,100%,100%,100%,100%,100%,100%,100%,100%,100%,100%,100.0%,
3,ARG Benyom Jaya,,100%,100%,100%,99%,100%,100%,100%,100%,98%,99%,99%,98%,97%,100%,100%,100%,99%,99%,100%,100%,100%,100%,100%,99%,99%,97%,100%,100%,99%,99%,99%,99.4%,
4,ARG Biak Barat,,100%,100%,100%,100%,100%,100%,100%,100%,100%,100%,100%,100%,100%,100%,100%,100%,100%,100%,100%,100%,100%,100%,100%,100%,100%,100%,100%,100%,100%,100%,100%,100.0%,
5,ARG Bonggo,,88%,97%,79%,65%,66%,43%,93%,76%,86%,81%,75%,81%,74%,89%,98%,97%,100%,98%,100%,94%,97%,75%,95%,100%,100%,100%,100%,100%,100%,100%,100%,88.6%,KENDALA SINYAL DAN AKI DROP
6,ARG Dok II,,100%,100%,100%,100%,100%,100%,100%,100%,99%,100%,100%,100%,100%,100%,100%,100%,100%,100%,100%,100%,100%,100%,100%,100%,100%,100%,100%,100%,100%,100%,100%,100.0%,
7,ARG Kaoreh,,100%,100%,100%,100%,100%,100%,100%,100%,100%,100%,100%,100%,100%,100%,100%,100%,100%,100%,100%,100%,100%,100%,100%,100%,100%,100%,100%,99%,100%,100%,100%,100.0%,
8,ARG Karya Bumi,,100%,100%,100%,100%,100%,100%,100%,100%,100%,100%,100%,100%,100%,100%,100%,100%,100%,100%,100%,100%,100%,100%,100%,100%,100%,100%,100%,100%,100%,100%,100%,100.0%,
9,ARG KORAMIL Senggi,,0%,0%,49%,35%,1%,88%,100%,100%,100%,100%,100%,100%,71%,92%,98%,86%,29%,0%,16%,22%,0%,62%,100%,100%,100%,100%,100%,100%,50%,95%,93%,67.3%,"butuh resystem, terkendala jalur menuju site"
10,ARG Sarmi selatan,,100%,99%,100%,100%,99%,100%,100%,100%,100%,100%,99%,100%,100%,100%,100%,100%,99%,99%,100%,100%,100%,100%,100%,100%,100%,99%,100%,100%,100%,100%,100%,99.8%,
11,ARG Serui,,100%,100%,100%,100%,100%,100%,100%,100%,99%,100%,100%,100%,100%,100%,100%,100%,100%,100%,100%,100%,100%,100%,100%,100%,100%,100%,100%,100%,100%,100%,100%,100.0%,
12,ARG Betaf,,99%,99%,98%,100%,100%,100%,99%,100%,99%,100%,100%,98%,98%,99%,100%,99%,100%,99%,100%,100%,99%,96%,99%,100%,100%,100%,99%,100%,100%,100%,100%,99.4%,
13,ARG Heram,,100%,100%,100%,100%,100%,100%,100%,100%,100%,100%,100%,100%,100%,100%,100%,100%,100%,100%,100%,100%,100%,100%,100%,100%,100%,100%,100%,100%,100%,100%,100%,100.0%,
14,ARG Waris,,100%,99%,94%,91%,95%,95%,95%,100%,99%,100%,100%,100%,100%,100%,100%,100%,100%,97%,97%,99%,100%,96%,100%,99%,99%,98%,100%,100%,100%,100%,100%,98.5%,
15,ARG Agats,Staklim Papua Selatan,100%,100%,100%,100%,100%,100%,100%,100%,100%,100%,100%,100%,100%,100%,100%,100%,100%,100%,100%,100%,100%,100%,43%,0%,30%,61%,99%,100%,100%,100%,100%,91.4%,Modem bermasalah
16,ARG Atsj,,0%,0%,0%,63%,94%,89%,93%,88%,92%,91%,85%,94%,92%,93%,91%,93%,93%,95%,92%,89%,93%,88%,52%,50%,93%,93%,89%,92%,90%,91%,95%,79.1%,Masalah signal
17,ARG BP3K Kurik,,100%,100%,99%,100%,99%,100%,100%,99%,100%,100%,100%,100%,100%,99%,100%,100%,100%,100%,100%,99%,100%,100%,100%,100%,99%,100%,100%,100%,100%,100%,99%,99.8%,
18,ARG BP3K Wasur,,100%,100%,100%,100%,100%,100%,100%,100%,100%,100%,100%,100%,100%,100%,100%,100%,100%,100%,100%,100%,100%,100%,100%,100%,100%,100%,100%,100%,100%,100%,100%,100.0%,
19,ARG Kuala Kencana,,95%,100%,88%,88%,95%,92%,96%,96%,100%,99%,99%,100%,99%,97%,100%,100%,95%,100%,100%,100%,96%,95%,100%,92%,92%,98%,96%,99%,100%,98%,92%,96.7%,
20,ARG Ngguti Bob,,99%,100%,100%,98%,100%,100%,100%,100%,99%,100%,100%,100%,100%,100%,100%,99%,100%,100%,100%,100%,100%,100%,100%,100%,99%,100%,100%,100%,100%,99%,100%,99.8%,
21,ARG SMPK Semangga,,100%,100%,100%,100%,100%,100%,100%,100%,100%,100%,100%,100%,100%,100%,100%,100%,100%,100%,100%,100%,99%,100%,100%,100%,100%,100%,100%,100%,100%,100%,100%,100.0%,
22,ARG Tanah Merah,,100%,100%,100%,100%,100%,100%,100%,100%,100%,100%,100%,100%,100%,100%,100%,100%,100%,100%,100%,100%,100%,100%,100%,100%,100%,100%,100%,100%,100%,100%,100%,100.0%,
23,ARG Sota,,100%,100%,100%,100%,100%,100%,100%,100%,100%,100%,100%,100%,100%,100%,100%,100%,100%,100%,100%,100%,100%,100%,100%,100%,100%,100%,100%,100%,100%,100%,100%,100.0%,
24,ARG Kimaam,,0%,0%,0%,0%,0%,0%,0%,0%,0%,0%,0%,0%,0%,0%,0%,0%,0%,0%,0%,0%,0%,0%,0%,0%,0%,0%,0%,0%,8%,93%,99%,6.5%,Masalah pada logger dan accu
25,ARG Ayamaru,Staklim Papua Barat,100%,100%,100%,100%,100%,100%,100%,100%,100%,99%,100%,100%,100%,100%,100%,99%,100%,100%,100%,100%,100%,100%,100%,100%,100%,100%,100%,100%,100%,100%,100%,99.9%,
26,ARG Manimere,,100%,100%,100%,100%,100%,100%,100%,98%,100%,100%,100%,100%,100%,100%,100%,100%,100%,99%,100%,100%,100%,100%,100%,100%,100%,100%,100%,100%,100%,100%,100%,99.9%,
27,ARG Waisai,,100%,100%,100%,100%,100%,100%,100%,100%,100%,100%,100%,100%,100%,100%,100%,100%,100%,100%,100%,100%,100%,100%,100%,100%,100%,100%,100%,100%,100%,100%,100%,100.0%,
28,ARG Moswaren,,100%,100%,100%,100%,100%,100%,100%,100%,100%,100%,100%,100%,100%,100%,100%,100%,100%,100%,100%,100%,100%,100%,100%,100%,100%,100%,100%,100%,100%,100%,100%,100.0%,
29,ARG Senopi,,41%,63%,55%,45%,31%,34%,51%,48%,38%,37%,42%,50%,47%,59%,38%,38%,31%,38%,45%,43%,43%,38%,45%,40%,39%,26%,14%,0%,0%,0%,0%,36.1%,Problem di regulator dan perlu ganti baterai
30,ARG Stageof Sorong,,100%,100%,100%,100%,100%,100%,100%,100%,100%,100%,100%,100%,100%,100%,100%,100%,100%,100%,100%,100%,100%,100%,100%,100%,100%,100%,100%,100%,100%,100%,100%,100.0%,
31,ARG Suteibey,,100%,100%,100%,100%,100%,100%,100%,100%,100%,100%,100%,100%,100%,100%,100%,100%,100%,100%,100%,100%,100%,100%,100%,100%,100%,100%,100%,100%,100%,100%,100%,100.0%,
32,ARG UNIPA Amban,,100%,100%,100%,100%,100%,100%,100%,100%,100%,100%,100%,100%,100%,100%,100%,100%,100%,100%,100%,100%,100%,100%,100%,100%,100%,100%,100%,100%,100%,100%,100%,100.0%,
33,ARG Kaimana,,100%,100%,100%,100%,100%,100%,100%,100%,100%,100%,100%,100%,100%,100%,100%,100%,100%,100%,100%,100%,100%,100%,100%,100%,100%,100%,100%,100%,99%,100%,100%,100.0%,
TOTAL PERSENTASE BULANAN,,,,,,,,,,,,,,,,,,,,,,,,,,,,,,,,,,92.6%,
,,,,,,,,,,,,,,,,,,,,,,,,,,,,,,,,,,,
,,,,,,,,,,,,,,,,,,,,,,,,,,,,,,,,,,,
SERVICE LEVEL AGREEMENT ( SLA ) MONITORING DATA  ARG,,,,,,,,,,,,,,,,,,,,,,,,,,,,,,,,,,,
BULAN APRIL 2026,,,,,,,,,,,,,,,,,,,,,,,,,,,,,,,,,,,
,,,,,,,,,,,,,,,,,,,,,,,,,,,,,,,,,,,
No,Merk,Stasiun / PIC,Status,,,,,,,,,,,,,,,,,,,,,,,,,,,,,,,Persentase Aktif (%),KETERANGAN / PERMASALAHAN / MITIGASI
,,,1,2,3,4,5,6,7,8,9,10,11,12,13,14,15,16,17,18,19,20,21,22,23,24,25,26,27,28,29,30,-,,
1,ARG Arso,Staklim Papua,ON,ON,ON,ON,ON,ON,ON,ON,ON,ON,ON,ON,ON,ON,ON,ON,ON,ON,ON,ON,ON,ON,ON,ON,ON,ON,ON,ON,ON,ON,,100.0%,
2,ARG Arso 2,,ON,ON,ON,ON,ON,ON,ON,ON,ON,ON,ON,ON,ON,ON,ON,ON,ON,ON,ON,ON,ON,ON,ON,ON,ON,ON,ON,ON,ON,ON,,100.0%,
3,ARG Benyom Jaya,,ON,ON,ON,ON,ON,ON,ON,ON,ON,ON,ON,ON,ON,ON,ON,ON,ON,ON,ON,ON,ON,ON,ON,ON,ON,ON,ON,ON,ON,ON,,100.0%,
4,ARG Biak Barat,,ON,ON,ON,ON,ON,OFF,OFF,OFF,OFF,OFF,OFF,OFF,OFF,OFF,OFF,OFF,OFF,OFF,OFF,OFF,OFF,OFF,OFF,OFF,OFF,OFF,OFF,OFF,OFF,OFF,,16.7%,
5,ARG Bonggo,,ON,ON,ON,ON,ON,ON,ON,ON,ON,ON,ON,ON,ON,ON,ON,ON,ON,ON,OFF,OFF,OFF,OFF,OFF,OFF,OFF,OFF,OFF,OFF,OFF,OFF,,60.0%,
6,ARG Dok II,,ON,ON,ON,ON,ON,ON,ON,ON,ON,ON,ON,ON,ON,ON,ON,ON,ON,ON,ON,ON,ON,ON,ON,ON,ON,ON,ON,ON,ON,ON,,100.0%,
7,ARG Kaoreh,,ON,ON,ON,ON,ON,ON,ON,ON,ON,ON,ON,ON,ON,ON,ON,ON,ON,ON,ON,ON,ON,ON,ON,ON,ON,ON,ON,ON,ON,ON,,100.0%,
8,ARG Karya Bumi,,ON,ON,ON,ON,ON,ON,ON,ON,ON,ON,ON,ON,ON,ON,ON,ON,ON,ON,ON,ON,ON,ON,ON,ON,ON,ON,ON,ON,ON,ON,,100.0%,
9,ARG KORAMIL Senggi,,ON,ON,ON,ON,ON,ON,ON,ON,ON,ON,ON,ON,ON,ON,ON,ON,OFF,OFF,ON,ON,OFF,OFF,OFF,ON,ON,ON,ON,ON,ON,ON,,83.3%,
10,ARG Sarmi selatan,,ON,ON,ON,ON,ON,ON,ON,ON,ON,ON,ON,ON,ON,ON,ON,ON,ON,ON,ON,ON,ON,ON,ON,ON,ON,ON,ON,ON,ON,ON,,100.0%,
11,ARG Serui,,ON,ON,ON,ON,ON,ON,ON,ON,ON,ON,ON,ON,ON,ON,ON,ON,ON,ON,ON,ON,ON,ON,ON,ON,ON,ON,ON,ON,ON,ON,,100.0%,
12,ARG Betaf,,ON,ON,ON,ON,ON,ON,ON,ON,ON,ON,ON,ON,ON,ON,ON,ON,ON,ON,ON,ON,ON,ON,ON,ON,ON,ON,ON,ON,ON,ON,,100.0%,
13,ARG Heram,,ON,ON,ON,ON,ON,ON,ON,ON,ON,ON,ON,ON,ON,ON,ON,ON,ON,ON,ON,ON,ON,ON,ON,ON,ON,ON,ON,ON,ON,ON,,100.0%,
14,ARG Waris,,ON,ON,ON,ON,ON,ON,ON,ON,ON,ON,ON,ON,ON,ON,ON,ON,ON,ON,ON,ON,ON,ON,ON,ON,ON,ON,ON,ON,ON,ON,,100.0%,
15,ARG Agats,Staklim Papua Selatan,ON,ON,ON,ON,ON,ON,ON,ON,ON,ON,ON,ON,ON,ON,ON,ON,ON,ON,ON,ON,ON,ON,ON,ON,ON,ON,ON,ON,ON,ON,,100.0%,
16,ARG Atsj,,ON,ON,ON,ON,ON,ON,ON,ON,ON,ON,ON,ON,ON,ON,ON,ON,ON,ON,ON,ON,ON,ON,ON,ON,ON,ON,ON,ON,ON,ON,,100.0%,
17,ARG BP3K Kurik,,ON,ON,ON,ON,ON,ON,ON,ON,ON,ON,ON,ON,ON,ON,ON,ON,ON,ON,ON,ON,ON,ON,ON,ON,ON,ON,ON,ON,ON,ON,,100.0%,
18,ARG BP3K Wasur,,ON,ON,ON,ON,ON,ON,ON,ON,ON,ON,ON,ON,ON,ON,ON,ON,ON,ON,ON,ON,ON,ON,ON,ON,ON,ON,ON,ON,ON,ON,,100.0%,
19,ARG Kuala Kencana,,ON,ON,ON,ON,ON,ON,ON,ON,ON,ON,ON,ON,ON,ON,ON,ON,ON,ON,ON,ON,ON,ON,ON,ON,ON,ON,ON,ON,ON,ON,,100.0%,
20,ARG Ngguti Bob,,ON,ON,ON,ON,ON,ON,ON,ON,ON,ON,ON,ON,ON,ON,ON,ON,ON,ON,ON,ON,ON,ON,ON,ON,ON,ON,ON,ON,ON,ON,,100.0%,
21,ARG SMPK Semangga,,ON,ON,ON,ON,ON,ON,ON,ON,ON,ON,ON,ON,ON,ON,ON,ON,ON,ON,ON,ON,ON,ON,ON,ON,ON,ON,ON,ON,ON,ON,,100.0%,
22,ARG Tanah Merah,,ON,ON,ON,ON,ON,ON,ON,ON,ON,ON,ON,ON,ON,ON,ON,ON,ON,ON,ON,ON,ON,ON,ON,ON,ON,ON,ON,ON,ON,ON,,100.0%,
23,ARG Sota,,ON,ON,ON,ON,ON,ON,ON,ON,ON,ON,ON,ON,ON,ON,ON,ON,ON,ON,ON,ON,ON,ON,ON,ON,ON,ON,ON,ON,ON,ON,,100.0%,
24,ARG Kimaam,,ON,ON,ON,ON,ON,ON,ON,ON,ON,ON,ON,ON,ON,ON,ON,ON,ON,ON,ON,ON,ON,ON,ON,ON,ON,ON,ON,ON,ON,ON,,100.0%,
25,ARG Ayamaru,Staklim Papua Barat,ON,ON,ON,ON,ON,ON,ON,ON,ON,ON,ON,ON,ON,ON,ON,ON,ON,ON,ON,ON,ON,ON,ON,ON,ON,ON,ON,ON,ON,ON,,100.0%,
26,ARG Manimere,,ON,ON,ON,ON,ON,ON,ON,ON,ON,ON,ON,ON,ON,ON,ON,ON,ON,ON,ON,ON,ON,ON,ON,ON,ON,ON,ON,ON,ON,ON,,100.0%,
27,ARG Waisai,,ON,ON,ON,ON,ON,ON,ON,ON,ON,ON,ON,ON,ON,ON,ON,ON,ON,ON,ON,ON,ON,ON,ON,ON,ON,ON,ON,ON,ON,ON,,100.0%,
28,ARG Moswaren,,ON,ON,ON,ON,ON,ON,ON,ON,ON,ON,ON,ON,ON,ON,ON,ON,ON,ON,ON,ON,ON,ON,ON,ON,ON,ON,ON,ON,ON,ON,,100.0%,
29,ARG Senopi,,OFF,OFF,OFF,OFF,OFF,OFF,OFF,OFF,OFF,OFF,OFF,OFF,OFF,OFF,OFF,OFF,OFF,OFF,OFF,OFF,OFF,OFF,OFF,OFF,OFF,OFF,OFF,OFF,OFF,OFF,,0.0%,Problem pada regulator dan perlu ganti baterai
30,ARG Stageof Sorong,,ON,ON,ON,ON,ON,ON,ON,ON,ON,ON,ON,ON,ON,ON,ON,ON,ON,ON,ON,ON,ON,ON,ON,ON,ON,ON,ON,ON,ON,ON,,100.0%,
31,ARG Suteibey,,ON,ON,ON,ON,ON,ON,ON,ON,ON,ON,ON,ON,ON,ON,ON,ON,ON,ON,ON,ON,ON,ON,ON,ON,ON,ON,ON,ON,ON,ON,,100.0%,
32,ARG UNIPA Amban,,ON,ON,ON,ON,ON,ON,ON,ON,ON,ON,ON,ON,ON,ON,ON,ON,ON,ON,ON,ON,ON,ON,ON,ON,ON,ON,ON,ON,ON,ON,,100.0%,
33,ARG Kaimana,,ON,ON,ON,ON,ON,ON,ON,ON,ON,ON,ON,ON,ON,ON,ON,ON,ON,ON,ON,ON,ON,ON,ON,ON,ON,ON,ON,ON,ON,ON,,100.0%,
TOTAL PERESENTASE BULANAN,,,,,,,,,,,,,,,,,,,,,,,,,,,,,,,,,,92.5%,
,,,,,,,,,,,,,,,,,,,,,,,,,,,,,,,,,,,
OPERATIONAL LEVEL AGREEMENT (OLA) MONITORING DATA ARG,,,,,,,,,,,,,,,,,,,,,,,,,,,,,,,,,,,
BULAN APRIL 2026,,,,,,,,,,,,,,,,,,,,,,,,,,,,,,,,,,,
,,,,,,,,,,,,,,,,,,,,,,,,,,,,,,,,,,,
No,Merk,Stasiun / PIC,Status,,,,,,,,,,,,,,,,,,,,,,,,,,,,,,,Persentase Aktif (%),KETERANGAN / PERMASALAHAN / MITIGASI
,,,1,2,3,4,5,6,7,8,9,10,11,12,13,14,15,16,17,18,19,20,21,22,23,24,25,26,27,28,29,30,,,
1,ARG Arso,Staklim Papua,100%,100%,100%,100%,100%,100%,100%,100%,97%,100%,100%,100%,100%,100%,100%,100%,100%,100%,100%,100%,100%,100%,100%,100%,100%,100%,100%,100%,100%,100%,,99.9%,
2,ARG Arso 2,,100%,100%,100%,100%,100%,100%,100%,99%,99%,100%,100%,100%,100%,100%,100%,100%,100%,100%,100%,100%,100%,100%,100%,100%,100%,100%,100%,100%,29%,60%,,96.2%,
3,ARG Benyom Jaya,,100%,98%,97%,99%,97%,98%,97%,99%,99%,100%,100%,99%,100%,99%,100%,98%,99%,97%,100%,100%,100%,99%,99%,99%,99%,100%,100%,98%,100%,100%,,99.0%,
4,ARG Biak Barat,,100%,100%,100%,100%,69%,0%,0%,0%,0%,0%,0%,0%,0%,0%,0%,0%,0%,0%,0%,0%,0%,0%,0%,0%,0%,0%,0%,0%,0%,0%,,15.6%,Kendala kelistrikan
5,ARG Bonggo,,100%,100%,100%,100%,81%,95%,100%,97%,79%,99%,98%,99%,100%,100%,94%,98%,100%,54%,0%,0%,0%,0%,0%,0%,0%,0%,0%,0%,0%,0%,,56.5%,
6,ARG Dok II,,100%,100%,100%,100%,100%,100%,100%,99%,97%,100%,100%,100%,100%,100%,100%,100%,100%,99%,100%,100%,100%,100%,100%,100%,100%,100%,100%,100%,100%,100%,,99.8%,
7,ARG Kaoreh,,100%,100%,100%,100%,100%,100%,100%,100%,100%,100%,100%,100%,100%,100%,100%,100%,100%,100%,100%,100%,100%,100%,100%,100%,100%,100%,100%,100%,100%,100%,,100.0%,
8,ARG Karya Bumi,,100%,100%,100%,100%,100%,100%,97%,99%,99%,100%,100%,100%,100%,100%,100%,100%,100%,100%,100%,100%,100%,100%,100%,100%,100%,100%,100%,100%,100%,100%,,99.8%,
9,ARG KORAMIL Senggi,,65%,79%,84%,90%,81%,100%,54%,68%,72%,89%,95%,75%,74%,81%,96%,29%,0%,0%,68%,28%,0%,0%,0%,0%,65%,70%,52%,75%,90%,95%,,59.2%,
10,ARG Sarmi selatan,,100%,100%,100%,100%,100%,100%,100%,99%,96%,100%,100%,100%,99%,100%,100%,100%,100%,100%,99%,100%,100%,99%,100%,100%,99%,97%,100%,100%,100%,99%,,99.6%,
11,ARG Serui,,100%,100%,100%,100%,100%,100%,100%,100%,100%,100%,100%,100%,100%,100%,100%,100%,100%,97%,100%,100%,100%,100%,100%,100%,100%,100%,100%,100%,100%,100%,,99.9%,
12,ARG Betaf,,99%,100%,100%,79%,16%,96%,99%,98%,62%,100%,76%,59%,100%,99%,95%,98%,98%,95%,100%,99%,98%,100%,100%,95%,99%,97%,100%,100%,100%,100%,,91.9%,
13,ARG Heram,,100%,100%,100%,100%,100%,100%,100%,100%,100%,100%,100%,100%,100%,100%,100%,100%,100%,100%,100%,100%,100%,100%,100%,100%,98%,97%,100%,100%,100%,100%,,99.8%,
14,ARG Waris,,100%,100%,100%,100%,100%,98%,99%,99%,100%,98%,92%,97%,95%,98%,98%,99%,94%,88%,92%,93%,90%,100%,100%,90%,91%,90%,95%,99%,100%,100%,,96.5%,
15,ARG Agats,Staklim Papua Selatan,100%,100%,100%,100%,100%,100%,100%,100%,100%,100%,100%,100%,98%,100%,100%,100%,100%,99%,100%,100%,100%,100%,100%,100%,100%,100%,100%,100%,100%,100%,,99.9%,
16,ARG Atsj,,95%,94%,92%,90%,90%,88%,93%,93%,74%,93%,92%,93%,90%,90%,97%,89%,93%,88%,93%,92%,88%,80%,88%,96%,95%,95%,96%,96%,94%,95%,,91.4%,
17,ARG BP3K Kurik,,100%,100%,100%,99%,100%,100%,100%,100%,100%,100%,100%,100%,100%,100%,100%,100%,100%,100%,100%,100%,100%,99%,100%,100%,100%,100%,100%,100%,100%,99%,,99.9%,
18,ARG BP3K Wasur,,100%,100%,100%,100%,100%,100%,100%,100%,100%,100%,100%,100%,100%,100%,100%,100%,100%,100%,100%,100%,100%,100%,100%,100%,100%,100%,100%,100%,100%,100%,,100.0%,
19,ARG Kuala Kencana,,100%,100%,100%,90%,96%,100%,99%,100%,96%,100%,100%,98%,100%,95%,93%,100%,100%,95%,100%,100%,91%,100%,92%,100%,97%,99%,95%,97%,97%,98%,,97.6%,
20,ARG Ngguti Bob,,100%,100%,99%,99%,99%,99%,98%,100%,100%,100%,99%,100%,99%,100%,100%,100%,100%,99%,98%,100%,99%,100%,98%,100%,100%,100%,100%,100%,99%,98%,,99.4%,
21,ARG SMPK Semangga,,100%,100%,100%,100%,100%,100%,100%,100%,100%,100%,100%,100%,100%,100%,100%,100%,100%,99%,100%,100%,100%,100%,100%,100%,100%,100%,100%,100%,100%,100%,,100.0%,
22,ARG Tanah Merah,,100%,100%,100%,100%,100%,100%,100%,100%,100%,100%,100%,100%,100%,100%,100%,100%,100%,99%,100%,100%,100%,100%,100%,100%,100%,100%,100%,100%,100%,100%,,100.0%,
23,ARG Sota,,100%,100%,100%,100%,100%,100%,99%,100%,100%,100%,100%,100%,100%,97%,100%,100%,100%,100%,100%,100%,100%,100%,100%,100%,100%,100%,100%,100%,100%,100%,,99.9%,
24,ARG Kimaam,,97%,97%,97%,98%,98%,93%,97%,97%,98%,100%,100%,99%,100%,100%,100%,100%,99%,99%,99%,100%,100%,99%,100%,99%,99%,99%,100%,99%,100%,97%,,98.7%,
25,ARG Ayamaru, Staklim Papua Barat,100%,100%,100%,100%,100%,100%,100%,100%,100%,100%,100%,100%,100%,100%,100%,100%,100%,100%,100%,100%,100%,100%,100%,100%,100%,100%,99%,99%,100%,100%,,99.9%,
26,ARG Manimere,,99%,100%,100%,100%,100%,100%,100%,100%,100%,100%,100%,100%,100%,100%,100%,100%,100%,100%,100%,100%,100%,100%,100%,100%,100%,100%,100%,100%,100%,100%,,100.0%,
27,ARG Waisai,,100%,100%,100%,100%,100%,100%,100%,100%,100%,84%,100%,48%,100%,100%,100%,100%,100%,100%,100%,100%,100%,100%,100%,100%,100%,100%,100%,100%,100%,100%,,97.7%,
28,ARG Moswaren,,100%,100%,100%,100%,100%,100%,100%,100%,100%,100%,100%,100%,100%,100%,100%,100%,100%,100%,100%,100%,100%,100%,100%,100%,100%,100%,100%,100%,100%,100%,,100.0%,
29,ARG Senopi,,0%,0%,0%,0%,0%,0%,0%,0%,0%,0%,0%,0%,0%,0%,0%,0%,0%,0%,0%,0%,0%,0%,0%,0%,0%,0%,0%,0%,0%,0%,,0.0%,Problem di regulator dan perlu ganti baterai
30,ARG Stageof Sorong,,100%,100%,100%,100%,100%,100%,100%,100%,100%,100%,100%,100%,100%,100%,100%,100%,100%,98%,100%,100%,100%,100%,100%,100%,100%,100%,100%,100%,100%,100%,,99.9%,
31,ARG Suteibey,,100%,100%,100%,100%,100%,100%,100%,100%,100%,100%,100%,100%,100%,100%,100%,100%,100%,100%,100%,100%,100%,100%,100%,100%,100%,100%,100%,100%,100%,100%,,100.0%,
32,ARG UNIPA Amban,,100%,100%,100%,100%,100%,100%,100%,100%,100%,100%,100%,100%,100%,100%,100%,100%,100%,99%,100%,100%,100%,100%,100%,100%,100%,100%,100%,100%,100%,100%,,100.0%,
33,ARG Kaimana,,99%,100%,100%,100%,100%,100%,100%,100%,100%,100%,100%,100%,100%,100%,100%,100%,100%,100%,100%,100%,100%,100%,100%,100%,100%,100%,100%,100%,100%,100%,,100.0%,
TOTAL PERSENTASE BULANAN,,,,,,,,,,,,,,,,,,,,,,,,,,,,,,,,,,90.6%,
,,,,,,,,,,,,,,,,,,,,,,,,,,,,,,,,,,,
,,,,,,,,,,,,,,,,,,,,,,,,,,,,,,,,,,,
SERVICE LEVEL AGREEMENT ( SLA ) MONITORING DATA  ARG,,,,,,,,,,,,,,,,,,,,,,,,,,,,,,,,,,,
BULAN MEI 2026,,,,,,,,,,,,,,,,,,,,,,,,,,,,,,,,,,,
,,,,,,,,,,,,,,,,,,,,,,,,,,,,,,,,,,,
No,Merk,Stasiun / PIC,Status,,,,,,,,,,,,,,,,,,,,,,,,,,,,,,,Persentase Aktif (%),KETERANGAN / PERMASALAHAN / MITIGASI
,,,1,2,3,4,5,6,7,8,9,10,11,12,13,14,15,16,17,18,19,20,21,22,23,24,25,26,27,28,29,30,31,,
1,ARG Arso,Staklim Papua,ON,ON,ON,ON,ON,ON,ON,ON,ON,ON,ON,ON,ON,ON,ON,ON,ON,ON,ON,ON,ON,ON,ON,ON,ON,ON,ON,ON,ON,ON,ON,100.0%,
2,ARG Arso 2,,ON,ON,ON,ON,OFF,OFF,OFF,OFF,OFF,OFF,OFF,OFF,OFF,OFF,OFF,OFF,OFF,OFF,OFF,OFF,OFF,OFF,OFF,OFF,OFF,OFF,OFF,OFF,OFF,OFF,OFF,12.9%,Kendala kelistrikan
3,ARG Benyom Jaya,,ON,ON,ON,ON,ON,ON,ON,ON,ON,ON,ON,ON,ON,ON,ON,ON,ON,ON,ON,ON,ON,ON,ON,ON,ON,ON,ON,ON,ON,ON,ON,100.0%,
4,ARG Biak Barat,,OFF,OFF,OFF,OFF,OFF,OFF,OFF,OFF,OFF,OFF,OFF,OFF,OFF,OFF,OFF,OFF,OFF,OFF,OFF,OFF,OFF,OFF,OFF,OFF,OFF,OFF,OFF,OFF,OFF,OFF,OFF,0.0%,Kendala kelistrikan
5,ARG Bonggo,,OFF,OFF,OFF,OFF,OFF,OFF,OFF,ON,ON,ON,ON,ON,ON,ON,ON,ON,ON,ON,ON,ON,ON,ON,ON,ON,ON,ON,ON,ON,ON,ON,ON,77.4%,Kendala kelistrikan
6,ARG Dok II,,ON,ON,ON,ON,ON,ON,ON,ON,ON,ON,ON,ON,ON,ON,ON,ON,ON,ON,ON,ON,ON,ON,ON,ON,ON,ON,ON,ON,ON,ON,ON,100.0%,
7,ARG Kaoreh,,ON,ON,ON,ON,ON,ON,ON,ON,ON,ON,ON,ON,ON,ON,ON,ON,ON,ON,ON,ON,ON,ON,ON,ON,ON,ON,ON,ON,ON,ON,ON,100.0%,
8,ARG Karya Bumi,,ON,ON,ON,ON,ON,ON,ON,ON,ON,ON,ON,ON,ON,ON,ON,ON,ON,ON,ON,ON,ON,ON,ON,ON,ON,ON,ON,ON,ON,ON,ON,100.0%,
9,ARG KORAMIL Senggi,,ON,ON,ON,ON,ON,ON,ON,ON,ON,ON,ON,ON,ON,ON,ON,ON,ON,ON,ON,ON,ON,ON,ON,ON,ON,ON,ON,ON,ON,ON,ON,100.0%,
10,ARG Sarmi selatan,,ON,ON,ON,ON,ON,ON,ON,ON,ON,ON,ON,ON,ON,ON,ON,ON,ON,ON,ON,ON,ON,ON,ON,ON,ON,ON,ON,ON,ON,ON,ON,100.0%,
11,ARG Serui,,ON,ON,ON,ON,ON,ON,ON,ON,ON,ON,ON,ON,ON,ON,ON,ON,ON,ON,ON,ON,ON,ON,ON,ON,ON,ON,ON,ON,ON,ON,ON,100.0%,
12,ARG Betaf,,ON,ON,ON,ON,ON,ON,ON,ON,ON,ON,ON,ON,ON,ON,ON,ON,OFF,OFF,OFF,OFF,OFF,OFF,ON,ON,ON,ON,ON,ON,ON,ON,ON,80.6%,KENDALA SINYAL
13,ARG Heram,,ON,ON,ON,ON,OFF,OFF,OFF,OFF,OFF,OFF,OFF,OFF,OFF,OFF,OFF,OFF,OFF,OFF,OFF,OFF,OFF,OFF,OFF,OFF,OFF,OFF,OFF,OFF,OFF,OFF,OFF,12.9%,"MODEM MATI, KENDALA KELISTRIKAN"
14,ARG Waris,,ON,ON,ON,ON,ON,ON,ON,ON,ON,ON,ON,ON,ON,ON,ON,ON,ON,ON,ON,ON,ON,ON,ON,ON,ON,ON,ON,ON,ON,ON,ON,100.0%,
15,ARG Agats,Staklim Papua Selatan,ON,ON,ON,ON,ON,ON,ON,ON,ON,ON,ON,ON,ON,ON,ON,ON,ON,ON,ON,ON,ON,ON,ON,ON,ON,ON,ON,ON,ON,ON,ON,100.0%,
16,ARG Atsj,,ON,ON,ON,ON,ON,ON,ON,ON,ON,ON,ON,ON,ON,ON,ON,ON,ON,ON,ON,ON,ON,ON,ON,ON,ON,ON,ON,ON,ON,ON,ON,100.0%,
17,ARG BP3K Kurik,,ON,ON,ON,ON,ON,ON,ON,ON,ON,ON,ON,ON,ON,ON,ON,ON,ON,ON,ON,ON,ON,ON,ON,ON,ON,ON,ON,ON,ON,ON,ON,100.0%,
18,ARG BP3K Wasur,,ON,ON,ON,ON,ON,ON,ON,ON,ON,ON,ON,ON,ON,ON,ON,ON,ON,ON,ON,ON,ON,ON,ON,ON,ON,ON,ON,ON,ON,ON,ON,100.0%,
19,ARG Kuala Kencana,,ON,ON,ON,ON,ON,ON,ON,ON,ON,ON,ON,ON,ON,ON,ON,ON,ON,ON,ON,ON,ON,ON,ON,ON,OFF,ON,ON,ON,ON,ON,ON,96.8%,
20,ARG Ngguti Bob,,ON,ON,ON,ON,ON,ON,ON,ON,ON,ON,ON,ON,ON,ON,ON,ON,ON,ON,ON,ON,ON,ON,ON,ON,ON,ON,ON,ON,ON,ON,ON,100.0%,
21,ARG SMPK Semangga,,ON,ON,ON,ON,ON,ON,ON,ON,ON,ON,ON,ON,ON,ON,ON,ON,ON,ON,ON,ON,ON,ON,ON,ON,ON,ON,ON,ON,ON,ON,ON,100.0%,
22,ARG Tanah Merah,,ON,ON,ON,ON,ON,ON,ON,ON,ON,ON,ON,ON,ON,ON,ON,ON,ON,ON,ON,ON,ON,ON,ON,ON,ON,ON,ON,ON,ON,ON,ON,100.0%,
23,ARG Sota,,ON,ON,ON,ON,ON,ON,ON,ON,ON,ON,ON,ON,ON,ON,ON,ON,ON,ON,ON,ON,ON,ON,ON,ON,ON,ON,ON,ON,ON,ON,ON,100.0%,
24,ARG Kimaam,,ON,ON,ON,ON,ON,ON,ON,ON,ON,ON,ON,ON,ON,ON,ON,ON,ON,ON,ON,ON,ON,OFF,OFF,OFF,OFF,OFF,OFF,OFF,OFF,OFF,OFF,67.7%,Modem bermasalah
25,ARG Ayamaru,Staklim Papua Barat,ON,ON,ON,ON,ON,ON,ON,ON,ON,ON,ON,ON,ON,ON,ON,ON,ON,ON,ON,ON,ON,ON,ON,ON,ON,ON,ON,ON,ON,ON,ON,100.0%,
26,ARG Manimere,,ON,ON,ON,ON,ON,ON,ON,ON,ON,ON,ON,ON,ON,ON,ON,ON,ON,ON,ON,ON,ON,ON,ON,ON,ON,ON,ON,ON,ON,ON,ON,100.0%,
27,ARG Waisai,,ON,ON,ON,ON,ON,ON,ON,ON,ON,ON,ON,OFF,OFF,OFF,OFF,OFF,OFF,OFF,OFF,OFF,OFF,OFF,OFF,OFF,OFF,ON,ON,ON,ON,ON,ON,54.8%,
28,ARG Moswaren,,ON,ON,ON,ON,ON,ON,ON,ON,ON,ON,ON,ON,ON,ON,ON,ON,ON,ON,ON,ON,ON,ON,ON,ON,ON,ON,ON,ON,ON,ON,ON,100.0%,
29,ARG Senopi,,OFF,OFF,OFF,OFF,OFF,OFF,OFF,OFF,OFF,OFF,OFF,OFF,OFF,OFF,OFF,OFF,OFF,OFF,OFF,OFF,OFF,OFF,OFF,OFF,OFF,OFF,OFF,OFF,OFF,OFF,OFF,0.0%,Kendala kelistrikan
30,ARG Stageof Sorong,,ON,ON,ON,ON,ON,ON,ON,ON,ON,ON,ON,ON,ON,ON,ON,ON,ON,ON,ON,ON,ON,ON,ON,ON,ON,ON,ON,ON,ON,ON,ON,100.0%,
31,ARG Suteibey,,ON,ON,ON,ON,ON,ON,ON,ON,ON,ON,ON,ON,ON,ON,ON,ON,ON,ON,ON,ON,ON,ON,ON,ON,ON,ON,ON,ON,ON,ON,ON,100.0%,
32,ARG UNIPA Amban,,ON,ON,ON,ON,ON,ON,ON,ON,ON,ON,ON,ON,ON,ON,ON,ON,ON,ON,ON,ON,ON,ON,ON,ON,ON,ON,ON,ON,ON,ON,ON,100.0%,
33,ARG Kaimana,,ON,ON,ON,ON,ON,ON,ON,ON,ON,ON,ON,ON,ON,ON,ON,ON,ON,ON,ON,ON,ON,ON,ON,ON,ON,ON,ON,ON,OFF,OFF,OFF,90.3%,
TOTAL PERESENTASE BULANAN,,,,,,,,,,,,,,,,,,,,,,,,,,,,,,,,,,84.7%,
,,,,,,,,,,,,,,,,,,,,,,,,,,,,,,,,,,,
OPERATIONAL LEVEL AGREEMENT (OLA) MONITORING DATA ARG,,,,,,,,,,,,,,,,,,,,,,,,,,,,,,,,,,,
BULAN MEI 2026,,,,,,,,,,,,,,,,,,,,,,,,,,,,,,,,,,,
,,,,,,,,,,,,,,,,,,,,,,,,,,,,,,,,,,,
No,Merk,Stasiun / PIC,Status,,,,,,,,,,,,,,,,,,,,,,,,,,,,,,,Persentase Aktif (%),KETERANGAN / PERMASALAHAN / MITIGASI
,,,1,2,3,4,5,6,7,8,9,10,11,12,13,14,15,16,17,18,19,20,21,22,23,24,25,26,27,28,29,30,31,,
1,ARG Arso,Staklim Papua,100%,100%,100%,100%,100%,100%,100%,100%,100%,100%,100%,100%,100%,100%,100%,98%,100%,100%,100%,100%,100%,100%,100%,100%,100%,100%,100%,100%,100%,100%,100%,99.9%,
2,ARG Arso 2,,90%,100%,100%,58%,0%,0%,0%,0%,0%,0%,0%,0%,0%,0%,0%,0%,0%,0%,0%,0%,0%,0%,0%,0%,0%,0%,0%,0%,0%,0%,0%,11.2%,Kendala kelistrikan
3,ARG Benyom Jaya,,100%,100%,100%,98%,100%,99%,97%,97%,100%,100%,99%,96%,97%,97%,97%,95%,98%,100%,100%,99%,99%,100%,99%,100%,100%,100%,99%,100%,98%,98%,98%,98.7%,
4,ARG Biak Barat,,0%,0%,0%,0%,0%,0%,0%,0%,0%,0%,0%,0%,0%,0%,0%,0%,0%,0%,0%,0%,0%,0%,0%,0%,0%,0%,0%,0%,0%,0%,0%,0.0%,Kendala kelistrikan
5,ARG Bonggo,,0%,0%,0%,0%,0%,0%,0%,86%,100%,100%,99%,100%,100%,100%,100%,99%,99%,100%,100%,100%,100%,100%,100%,100%,100%,100%,100%,100%,100%,100%,100%,76.9%,Kendala kelistrikan
6,ARG Dok II,,100%,100%,100%,100%,100%,100%,100%,100%,100%,100%,98%,100%,100%,100%,100%,98%,98%,100%,100%,100%,100%,100%,100%,100%,100%,100%,100%,100%,100%,100%,100%,99.8%,
7,ARG Kaoreh,,100%,100%,100%,100%,100%,100%,100%,99%,100%,100%,100%,100%,100%,100%,99%,99%,100%,100%,100%,100%,100%,100%,100%,100%,100%,100%,100%,100%,100%,100%,100%,99.9%,
8,ARG Karya Bumi,,100%,100%,100%,100%,100%,100%,100%,100%,100%,100%,100%,100%,100%,100%,100%,98%,100%,100%,100%,100%,100%,100%,100%,100%,100%,100%,100%,100%,100%,100%,100%,99.9%,
9,ARG KORAMIL Senggi,,84%,97%,93%,74%,36%,52%,61%,100%,78%,52%,61%,81%,29%,0%,0%,0%,78%,63%,69%,56%,29%,0%,61%,29%,0%,0%,0%,72%,81%,29%,81%,49.9%,"Logger masih KCM, belum dapat melaksanakan resistem, terkendala kondisi jalan menuju lokasi"
10,ARG Sarmi selatan,,100%,100%,100%,100%,100%,98%,100%,100%,100%,100%,100%,99%,100%,100%,100%,98%,99%,100%,100%,100%,100%,100%,100%,100%,99%,100%,100%,100%,100%,99%,99%,99.7%,
11,ARG Serui,,100%,100%,100%,100%,100%,100%,100%,99%,100%,100%,99%,100%,100%,100%,100%,97%,95%,100%,100%,100%,100%,100%,100%,100%,100%,100%,100%,100%,100%,100%,100%,99.7%,
12,ARG Betaf,,100%,100%,100%,100%,100%,100%,93%,89%,100%,99%,99%,100%,99%,97%,100%,96%,0%,0%,0%,10%,9%,0%,0%,55%,99%,100%,100%,100%,100%,100%,95%,75.5%,kendala sinyal
13,ARG Heram,,100%,95%,26%,0%,0%,0%,0%,0%,0%,0%,0%,0%,0%,0%,0%,0%,0%,0%,0%,0%,0%,0%,0%,0%,0%,0%,0%,0%,0%,0%,0%,7.1%,Kendala kelistrikan
14,ARG Waris,,99%,100%,95%,95%,100%,94%,100%,98%,97%,100%,100%,100%,100%,100%,93%,88%,95%,98%,97%,97%,100%,100%,100%,97%,99%,100%,99%,99%,100%,95%,97%,97.8%,
15,ARG Agats,Staklim Papua Selatan,100%,100%,100%,100%,100%,100%,100%,100%,100%,100%,97%,100%,100%,100%,98%,97%,99%,100%,100%,100%,100%,100%,99%,100%,100%,100%,100%,100%,100%,100%,100%,99.7%,
16,ARG Atsj,,95%,95%,93%,97%,93%,92%,92%,95%,96%,88%,91%,91%,100%,100%,100%,100%,100%,97%,98%,98%,100%,97%,97%,100%,99%,100%,99%,97%,100%,100%,99%,96.7%,
17,ARG BP3K Kurik,,100%,100%,99%,100%,100%,100%,100%,100%,99%,100%,100%,98%,100%,100%,100%,96%,100%,99%,100%,99%,100%,100%,100%,100%,100%,99%,100%,100%,100%,99%,100%,99.6%,
18,ARG BP3K Wasur,,100%,100%,100%,100%,100%,100%,100%,100%,100%,100%,100%,100%,100%,100%,100%,99%,100%,100%,100%,100%,100%,100%,100%,100%,99%,100%,100%,100%,100%,100%,100%,99.9%,
19,ARG Kuala Kencana,,97%,100%,96%,95%,98%,92%,96%,95%,93%,97%,85%,68%,63%,64%,68%,95%,93%,100%,96%,100%,100%,100%,84%,0%,95%,97%,99%,97%,99%,100%,100%,89.1%,
20,ARG Ngguti Bob,,100%,99%,100%,100%,100%,97%,100%,100%,100%,100%,98%,99%,100%,98%,99%,97%,98%,100%,100%,99%,99%,99%,100%,100%,99%,100%,100%,100%,99%,99%,99%,99.3%,
21,ARG SMPK Semangga,,100%,100%,100%,100%,100%,100%,100%,100%,100%,100%,100%,100%,100%,100%,100%,100%,100%,100%,100%,100%,100%,100%,100%,100%,100%,100%,100%,100%,100%,100%,100%,100.0%,
22,ARG Tanah Merah,,100%,100%,100%,100%,100%,100%,100%,100%,100%,100%,100%,100%,100%,100%,100%,100%,100%,100%,100%,100%,100%,100%,100%,100%,100%,100%,100%,100%,100%,100%,100%,100.0%,
23,ARG Sota,,100%,100%,100%,100%,100%,100%,100%,100%,100%,100%,100%,100%,100%,100%,100%,97%,100%,100%,100%,100%,100%,100%,100%,100%,100%,100%,100%,100%,100%,100%,100%,99.9%,
24,ARG Kimaam,,100%,100%,100%,99%,100%,100%,99%,99%,100%,100%,100%,100%,100%,99%,100%,98%,97%,100%,99%,99%,76%,0%,0%,0%,0%,0%,0%,0%,0%,0%,0%,66.6%,Modem bermasalah
25,ARG Ayamaru, Staklim Papua Barat,100%,100%,100%,100%,100%,100%,100%,100%,100%,100%,99%,100%,100%,100%,100%,99%,100%,100%,100%,100%,100%,100%,100%,100%,100%,100%,100%,100%,100%,100%,100%,99.9%,
26,ARG Manimere,,100%,100%,100%,100%,98%,100%,100%,100%,100%,100%,100%,100%,100%,100%,100%,98%,100%,100%,100%,100%,100%,100%,100%,100%,100%,100%,99%,100%,100%,100%,100%,99.8%,
27,ARG Waisai,,100%,100%,100%,100%,100%,100%,100%,100%,100%,100%,84%,0%,0%,0%,0%,0%,0%,0%,0%,0%,0%,0%,0%,0%,0%,99%,100%,100%,100%,100%,100%,54.3%,
28,ARG Moswaren,,100%,100%,100%,100%,100%,100%,100%,100%,100%,100%,100%,100%,100%,100%,100%,100%,99%,100%,100%,100%,100%,100%,100%,100%,100%,100%,100%,100%,100%,100%,100%,100.0%,
29,ARG Senopi,,0%,0%,0%,0%,0%,0%,0%,0%,0%,0%,0%,0%,0%,0%,0%,0%,0%,0%,0%,0%,0%,0%,0%,0%,0%,0%,0%,0%,0%,0%,0%,0.0%,Kendala kelistrikan
30,ARG Stageof Sorong,,100%,100%,100%,100%,100%,100%,100%,100%,100%,100%,99%,100%,100%,100%,100%,97%,99%,100%,100%,100%,100%,100%,100%,100%,100%,100%,100%,100%,100%,100%,100%,99.8%,
31,ARG Suteibey,,100%,100%,100%,100%,100%,100%,100%,100%,100%,100%,100%,100%,100%,100%,100%,100%,100%,100%,100%,100%,100%,100%,100%,100%,100%,100%,100%,100%,100%,100%,100%,100.0%,
32,ARG UNIPA Amban,,100%,100%,100%,100%,100%,100%,100%,100%,100%,100%,100%,100%,100%,100%,100%,100%,100%,100%,98%,100%,100%,100%,100%,100%,100%,100%,100%,100%,100%,100%,100%,99.9%,
33,ARG Kaimana,,100%,100%,100%,100%,100%,100%,100%,100%,100%,100%,100%,100%,100%,100%,100%,100%,100%,100%,100%,100%,100%,100%,100%,100%,100%,100%,84%,51%,0%,0%,0%,88.2%,
TOTAL PERSENTASE BULANAN,,,,,,,,,,,,,,,,,,,,,,,,,,,,,,,,,,82.1%,
,,,,,,,,,,,,,,,,,,,,,,,,,,,,,,,,,,,
,,,,,,,,,,,,,,,,,,,,,,,,,,,,,,,,,,,
SERVICE LEVEL AGREEMENT ( SLA ) MONITORING DATA  ARG,,,,,,,,,,,,,,,,,,,,,,,,,,,,,,,,,,,
BULAN JUNI 2026,,,,,,,,,,,,,,,,,,,,,,,,,,,,,,,,,,,
,,,,,,,,,,,,,,,,,,,,,,,,,,,,,,,,,,,
No,Merk,Stasiun / PIC,Status,,,,,,,,,,,,,,,,,,,,,,,,,,,,,,,Persentase Aktif (%),KETERANGAN / PERMASALAHAN / MITIGASI
,,,1,2,3,4,5,6,7,8,9,10,11,12,13,14,15,16,17,18,19,20,21,22,23,24,25,26,27,28,29,30,-,,
1,ARG Arso,Staklim Papua,ON,ON,ON,ON,ON,ON,ON,ON,ON,ON,ON,ON,ON,ON,ON,ON,ON,ON,ON,ON,ON,ON,ON,ON,ON,ON,ON,ON,ON,ON,,100.0%,
2,ARG Arso 2,,OFF,OFF,OFF,OFF,OFF,OFF,OFF,OFF,OFF,OFF,OFF,OFF,OFF,OFF,OFF,OFF,OFF,OFF,OFF,OFF,OFF,OFF,ON,ON,ON,ON,ON,ON,ON,ON,,26.7%,script corrupt
3,ARG Benyom Jaya,,ON,ON,ON,ON,ON,ON,ON,ON,ON,ON,ON,ON,ON,ON,ON,ON,ON,ON,ON,ON,ON,ON,ON,ON,ON,ON,ON,ON,ON,ON,,100.0%,
4,ARG Biak Barat,,OFF,OFF,OFF,OFF,OFF,OFF,OFF,OFF,OFF,OFF,OFF,OFF,OFF,OFF,OFF,OFF,OFF,OFF,OFF,OFF,OFF,OFF,OFF,OFF,OFF,OFF,OFF,OFF,OFF,OFF,,0.0%,Kendala catudaya
5,ARG Bonggo,,ON,ON,ON,ON,ON,ON,ON,ON,ON,ON,ON,ON,ON,ON,ON,ON,ON,ON,ON,ON,ON,ON,ON,ON,ON,ON,ON,ON,ON,ON,,100.0%,
6,ARG Dok II,,ON,ON,ON,ON,ON,ON,ON,ON,ON,ON,ON,ON,ON,ON,ON,ON,ON,ON,ON,ON,ON,ON,ON,ON,ON,ON,ON,ON,ON,ON,,100.0%,
7,ARG Kaoreh,,ON,ON,ON,ON,ON,ON,ON,ON,ON,ON,ON,ON,ON,ON,ON,ON,ON,ON,ON,ON,ON,ON,ON,ON,ON,ON,ON,ON,ON,ON,,100.0%,
8,ARG Karya Bumi,,ON,ON,ON,ON,ON,ON,ON,ON,ON,ON,ON,ON,ON,ON,ON,ON,ON,ON,ON,ON,ON,ON,ON,ON,ON,ON,ON,ON,ON,ON,,100.0%,
9,ARG KORAMIL Senggi,,ON,ON,ON,ON,ON,OFF,OFF,OFF,ON,ON,ON,ON,ON,ON,ON,ON,ON,ON,ON,OFF,OFF,ON,OFF,OFF,OFF,OFF,OFF,ON,ON,ON,,66.7%,"kendala sinyal, akan segera diresystem"
10,ARG Sarmi selatan,,ON,ON,ON,ON,ON,ON,ON,ON,ON,ON,ON,ON,ON,ON,ON,ON,ON,ON,ON,ON,ON,ON,ON,ON,ON,ON,ON,ON,ON,ON,,100.0%,
11,ARG Serui,,ON,ON,ON,ON,ON,ON,ON,ON,ON,ON,ON,ON,ON,ON,ON,ON,ON,ON,ON,OFF,OFF,OFF,OFF,OFF,OFF,OFF,OFF,OFF,OFF,OFF,,63.3%,Kendala catudaya
12,ARG Betaf,,ON,ON,ON,ON,ON,ON,ON,ON,ON,ON,ON,ON,ON,ON,ON,ON,ON,ON,ON,ON,ON,ON,ON,ON,ON,ON,ON,ON,ON,ON,,100.0%,
13,ARG Heram,,OFF,OFF,OFF,OFF,OFF,OFF,OFF,OFF,OFF,OFF,OFF,OFF,OFF,OFF,OFF,OFF,OFF,OFF,OFF,OFF,OFF,ON,ON,ON,ON,ON,ON,ON,ON,ON,,30.0%,Kendala catudaya
14,ARG Waris,,ON,ON,ON,ON,ON,ON,ON,ON,ON,ON,ON,ON,ON,ON,ON,ON,ON,ON,ON,ON,ON,ON,ON,ON,ON,ON,ON,ON,ON,ON,,100.0%,
15,ARG Agats,Staklim Papua Selatan,ON,ON,ON,ON,ON,ON,ON,ON,ON,ON,ON,ON,ON,ON,ON,ON,ON,ON,ON,ON,ON,ON,ON,ON,ON,ON,ON,ON,ON,ON,,100.0%,
16,ARG Atsj,,ON,ON,ON,ON,ON,ON,ON,ON,ON,ON,ON,ON,ON,ON,ON,ON,ON,ON,ON,ON,ON,ON,ON,ON,ON,ON,ON,ON,ON,ON,,100.0%,
17,ARG BP3K Kurik,,ON,ON,ON,ON,ON,ON,ON,ON,ON,ON,ON,ON,ON,ON,ON,ON,ON,ON,ON,ON,ON,ON,ON,ON,ON,ON,ON,ON,ON,ON,,100.0%,
18,ARG BP3K Wasur,,ON,ON,ON,ON,ON,ON,ON,ON,ON,ON,ON,ON,ON,ON,ON,ON,ON,ON,ON,ON,ON,ON,ON,ON,ON,ON,ON,ON,ON,ON,,100.0%,
19,ARG Kuala Kencana,,ON,ON,ON,ON,ON,ON,ON,ON,ON,ON,ON,ON,ON,ON,ON,ON,ON,ON,ON,ON,ON,ON,ON,ON,ON,ON,ON,ON,ON,ON,,100.0%,
20,ARG Ngguti Bob,,ON,ON,ON,ON,ON,ON,ON,ON,ON,ON,ON,ON,ON,ON,ON,ON,ON,ON,ON,ON,ON,ON,OFF,OFF,ON,ON,ON,ON,ON,ON,,93.3%,
21,ARG SMPK Semangga,,ON,ON,ON,ON,ON,ON,ON,ON,ON,ON,ON,ON,ON,ON,ON,ON,ON,ON,ON,ON,ON,ON,ON,ON,ON,ON,ON,ON,ON,ON,,100.0%,
22,ARG Tanah Merah,,ON,ON,ON,ON,ON,ON,ON,ON,ON,ON,ON,ON,ON,ON,ON,ON,ON,ON,ON,ON,ON,ON,ON,ON,ON,ON,ON,ON,ON,ON,,100.0%,
23,ARG Sota,,ON,ON,ON,ON,ON,ON,ON,ON,ON,ON,ON,ON,ON,ON,ON,ON,ON,ON,ON,ON,ON,ON,ON,ON,ON,ON,ON,ON,ON,ON,,100.0%,
24,ARG Kimaam,,OFF,OFF,OFF,OFF,OFF,OFF,OFF,OFF,OFF,OFF,OFF,OFF,OFF,OFF,OFF,OFF,OFF,OFF,OFF,OFF,OFF,OFF,OFF,OFF,OFF,OFF,OFF,OFF,OFF,OFF,,0.0%,Logger error dan modem bermasalah
25,ARG Ayamaru,Staklim Papua Barat,ON,ON,ON,ON,ON,ON,ON,ON,ON,ON,ON,ON,ON,ON,ON,ON,ON,ON,ON,ON,ON,ON,ON,ON,ON,ON,ON,ON,ON,ON,,100.0%,
26,ARG Manimere,,ON,ON,ON,ON,ON,ON,ON,ON,ON,ON,ON,ON,ON,ON,ON,ON,ON,ON,ON,ON,ON,ON,ON,ON,ON,ON,ON,ON,ON,ON,,100.0%,
27,ARG Waisai,,ON,ON,ON,ON,ON,ON,ON,ON,ON,ON,ON,ON,ON,ON,ON,ON,ON,ON,ON,ON,ON,ON,ON,ON,ON,OFF,OFF,ON,ON,ON,,93.3%,
28,ARG Moswaren,,ON,ON,ON,ON,ON,ON,ON,ON,OFF,ON,ON,ON,OFF,OFF,OFF,OFF,OFF,OFF,OFF,OFF,OFF,ON,ON,ON,ON,ON,ON,ON,ON,ON,,66.7%,
29,ARG Senopi,,OFF,OFF,OFF,OFF,OFF,OFF,OFF,OFF,OFF,OFF,OFF,OFF,OFF,OFF,OFF,OFF,OFF,OFF,OFF,OFF,OFF,OFF,OFF,OFF,OFF,OFF,OFF,OFF,OFF,OFF,,0.0%,Kendala kelistrikan
30,ARG Stageof Sorong,,ON,ON,ON,ON,ON,ON,ON,ON,ON,ON,ON,ON,ON,ON,ON,ON,ON,ON,ON,ON,ON,ON,ON,ON,ON,ON,ON,ON,ON,ON,,100.0%,
31,ARG Suteibey,,ON,ON,ON,ON,ON,ON,ON,ON,ON,ON,ON,ON,ON,ON,ON,ON,ON,ON,ON,ON,ON,ON,ON,ON,ON,ON,ON,ON,ON,ON,,100.0%,
32,ARG UNIPA Amban,,ON,ON,ON,ON,ON,ON,ON,ON,ON,ON,ON,ON,ON,ON,ON,ON,ON,ON,ON,ON,ON,ON,ON,ON,ON,ON,ON,ON,ON,ON,,100.0%,
33,ARG Kaimana,,ON,ON,ON,ON,ON,ON,ON,ON,ON,ON,ON,ON,ON,ON,ON,ON,ON,ON,ON,ON,ON,ON,ON,ON,ON,ON,ON,ON,ON,ON,,100.0%,
TOTAL PERESENTASE BULANAN,,,,,,,,,,,,,,,,,,,,,,,,,,,,,,,,,,82.5%,
,,,,,,,,,,,,,,,,,,,,,,,,,,,,,,,,,,,
OPERATIONAL LEVEL AGREEMENT (OLA) MONITORING DATA ARG,,,,,,,,,,,,,,,,,,,,,,,,,,,,,,,,,,,
BULAN JUNI 2026,,,,,,,,,,,,,,,,,,,,,,,,,,,,,,,,,,,
,,,,,,,,,,,,,,,,,,,,,,,,,,,,,,,,,,,
No,Merk,Stasiun / PIC,Status,,,,,,,,,,,,,,,,,,,,,,,,,,,,,,,Persentase Aktif (%),KETERANGAN / PERMASALAHAN / MITIGASI
,,,1,2,3,4,5,6,7,8,9,10,11,12,13,14,15,16,17,18,19,20,21,22,23,24,25,26,27,28,29,30,,,
1,ARG Arso,Staklim Papua,100%,100%,100%,100%,100%,100%,100%,100%,100%,100%,100%,100%,100%,100%,100%,100%,100%,100%,100%,100%,100%,100%,100%,100%,100%,100%,100%,100%,100%,100%,,100.0%,
2,ARG Arso 2,,0%,0%,0%,0%,0%,0%,0%,0%,0%,0%,0%,0%,0%,0%,0%,0%,0%,0%,0%,0%,0%,0%,70%,100%,100%,100%,100%,100%,100%,100%,,25.7%,kendala kelistrikan (sudah resistem tgl 23 Juni)
3,ARG Benyom Jaya,,97%,97%,97%,97%,98%,97%,100%,100%,100%,100%,100%,100%,100%,97%,100%,98%,97%,97%,99%,99%,100%,100%,100%,97%,100%,100%,100%,100%,100%,100%,,98.9%,
4,ARG Biak Barat,,0%,0%,0%,0%,0%,0%,0%,0%,0%,0%,0%,0%,0%,0%,0%,0%,0%,0%,0%,0%,0%,0%,0%,0%,0%,0%,0%,0%,0%,0%,,0.0%,kendala kelistrikan
5,ARG Bonggo,,100%,100%,100%,100%,100%,100%,99%,100%,100%,100%,100%,99%,100%,100%,100%,100%,100%,100%,100%,98%,100%,100%,100%,100%,100%,100%,100%,100%,100%,100%,,99.9%,
6,ARG Dok II,,100%,100%,100%,99%,99%,100%,100%,100%,100%,100%,100%,100%,100%,100%,100%,99%,100%,100%,100%,100%,100%,100%,100%,100%,100%,100%,100%,100%,100%,100%,,99.9%,
7,ARG Kaoreh,,100%,100%,100%,100%,100%,100%,100%,99%,100%,100%,100%,100%,100%,100%,100%,100%,99%,100%,100%,100%,100%,100%,100%,100%,99%,100%,100%,100%,100%,100%,,99.9%,
8,ARG Karya Bumi,,100%,100%,100%,100%,100%,100%,100%,99%,100%,100%,100%,100%,100%,100%,100%,99%,100%,99%,100%,100%,100%,100%,100%,100%,100%,100%,100%,100%,100%,100%,,99.9%,
9,ARG KORAMIL Senggi,,79%,29%,3%,100%,7%,0%,0%,47%,96%,97%,95%,94%,95%,52%,79%,60%,17%,65%,83%,10%,0%,0%,43%,0%,0%,0%,0%,82%,29%,0%,,42.1%,BUTUH RESYSTEM
10,ARG Sarmi selatan,,100%,98%,100%,100%,97%,100%,100%,100%,100%,100%,99%,97%,100%,99%,100%,100%,100%,99%,99%,100%,99%,100%,98%,99%,100%,100%,99%,100%,100%,100%,,99.4%,
11,ARG Serui,,100%,100%,100%,99%,97%,100%,100%,100%,100%,100%,100%,100%,100%,100%,100%,99%,100%,100%,86%,0%,0%,0%,0%,0%,0%,0%,0%,0%,0%,0%,,62.7%,kendala kelistrikan
12,ARG Betaf,,100%,100%,100%,98%,100%,100%,97%,99%,100%,98%,100%,97%,99%,100%,100%,99%,100%,97%,99%,90%,100%,100%,98%,99%,100%,100%,98%,100%,100%,100%,,98.9%,
13,ARG Heram,,0%,0%,0%,0%,0%,0%,0%,0%,0%,0%,0%,0%,0%,0%,0%,0%,0%,0%,0%,0%,0%,92%,100%,100%,100%,100%,100%,100%,100%,100%,,29.7%,kendala kelistrikan
14,ARG Waris,,100%,92%,100%,99%,100%,100%,100%,100%,100%,100%,100%,100%,100%,99%,97%,96%,96%,99%,100%,90%,100%,100%,100%,100%,100%,100%,100%,97%,99%,100%,,98.8%,
15,ARG Agats,Staklim Papua Selatan,100%,100%,100%,100%,100%,100%,99%,99%,100%,100%,100%,100%,100%,100%,100%,100%,100%,100%,100%,100%,99%,100%,100%,100%,100%,100%,100%,100%,100%,100%,,99.9%,
16,ARG Atsj,,100%,99%,100%,100%,97%,100%,100%,100%,100%,97%,98%,97%,99%,97%,98%,99%,100%,99%,99%,98%,99%,98%,100%,100%,99%,97%,100%,100%,99%,100%,,99.0%,
17,ARG BP3K Kurik,,100%,100%,100%,98%,100%,100%,100%,99%,99%,100%,99%,100%,100%,100%,100%,100%,99%,100%,99%,100%,100%,100%,99%,100%,100%,99%,100%,100%,100%,99%,,99.7%,
18,ARG BP3K Wasur,,100%,100%,100%,99%,100%,100%,100%,100%,100%,100%,100%,100%,100%,100%,100%,100%,100%,100%,100%,100%,100%,100%,100%,100%,100%,100%,100%,100%,100%,100%,,100.0%,
19,ARG Kuala Kencana,,100%,94%,99%,98%,99%,99%,100%,99%,100%,100%,99%,98%,100%,99%,100%,100%,100%,96%,98%,99%,97%,100%,84%,90%,100%,97%,96%,97%,97%,95%,,97.7%,
20,ARG Ngguti Bob,,99%,100%,100%,99%,99%,100%,100%,100%,100%,100%,97%,100%,100%,100%,98%,99%,100%,100%,100%,100%,99%,2%,0%,0%,95%,99%,99%,98%,99%,99%,,89.4%,
21,ARG SMPK Semangga,,100%,100%,100%,100%,100%,100%,100%,100%,100%,100%,100%,100%,100%,100%,100%,100%,100%,100%,100%,100%,100%,100%,100%,100%,100%,100%,100%,100%,100%,100%,,100.0%,
22,ARG Tanah Merah,,100%,99%,100%,100%,100%,100%,100%,100%,100%,100%,100%,100%,99%,100%,100%,100%,100%,100%,100%,100%,100%,100%,100%,100%,100%,100%,100%,100%,100%,100%,,99.9%,
23,ARG Sota,,100%,100%,100%,100%,100%,100%,100%,100%,100%,100%,100%,100%,100%,100%,100%,100%,100%,100%,100%,100%,100%,100%,100%,100%,100%,100%,100%,100%,100%,100%,,100.0%,
24,ARG Kimaam,,0%,0%,0%,0%,0%,0%,0%,0%,0%,0%,0%,0%,0%,0%,0%,0%,0%,0%,0%,0%,0%,0%,0%,0%,0%,0%,0%,0%,0%,0%,,0.0%,Logger error dan modem bermasalah
25,ARG Ayamaru, Staklim Papua Barat,100%,100%,100%,100%,100%,100%,99%,100%,100%,100%,100%,100%,100%,100%,100%,100%,100%,100%,100%,100%,100%,100%,100%,100%,100%,100%,100%,100%,100%,100%,,100.0%,
26,ARG Manimere,,100%,99%,100%,100%,100%,100%,100%,100%,100%,100%,100%,100%,100%,99%,100%,100%,100%,99%,99%,99%,99%,99%,100%,100%,100%,100%,100%,100%,100%,100%,,99.8%,
27,ARG Waisai,,100%,100%,100%,100%,100%,100%,100%,100%,100%,100%,100%,100%,100%,100%,100%,100%,100%,100%,100%,100%,100%,100%,100%,100%,100%,0%,0%,52%,100%,100%,,91.7%,
28,ARG Moswaren,,100%,100%,100%,100%,100%,100%,100%,35%,0%,8%,100%,25%,0%,0%,0%,0%,0%,0%,0%,0%,0%,90%,100%,100%,100%,100%,99%,100%,100%,100%,,58.6%,
29,ARG Senopi,,0%,0%,0%,0%,0%,0%,0%,0%,0%,0%,0%,0%,0%,0%,0%,0%,0%,0%,0%,0%,0%,0%,0%,0%,0%,0%,0%,0%,0%,0%,,0.0%,Kendala kelistrikan
30,ARG Stageof Sorong,,100%,100%,100%,100%,100%,100%,100%,99%,100%,100%,100%,100%,100%,100%,100%,100%,100%,100%,100%,100%,100%,100%,100%,100%,100%,100%,100%,100%,100%,100%,,100.0%,
31,ARG Suteibey,,100%,100%,100%,99%,100%,100%,100%,100%,100%,100%,100%,100%,100%,100%,100%,100%,100%,100%,100%,100%,100%,100%,100%,100%,100%,100%,100%,100%,100%,100%,,100.0%,
32,ARG UNIPA Amban,,100%,100%,100%,100%,100%,100%,100%,100%,100%,100%,100%,100%,100%,100%,100%,100%,100%,100%,100%,100%,100%,100%,100%,100%,100%,100%,100%,100%,100%,100%,,100.0%,
33,ARG Kaimana,,100%,100%,100%,100%,100%,100%,100%,100%,100%,100%,100%,100%,100%,100%,100%,99%,100%,100%,100%,100%,100%,100%,100%,100%,100%,100%,100%,100%,100%,100%,,100.0%,
TOTAL PERSENTASE BULANAN,,,,,,,,,,,,,,,,,,,,,,,,,,,,,,,,,,81.0%,
,,,,,,,,,,,,,,,,,,,,,,,,,,,,,,,,,,,
,,,,,,,,,,,,,,,,,,,,,,,,,,,,,,,,,,,
SERVICE LEVEL AGREEMENT ( SLA ) MONITORING DATA  ARG,,,,,,,,,,,,,,,,,,,,,,,,,,,,,,,,,,,
BULAN JULI 2026,,,,,,,,,,,,,,,,,,,,,,,,,,,,,,,,,,,
,,,,,,,,,,,,,,,,,,,,,,,,,,,,,,,,,,,
No,Merk,Stasiun / PIC,Status,,,,,,,,,,,,,,,,,,,,,,,,,,,,,,,Persentase Aktif (%),KETERANGAN / PERMASALAHAN / MITIGASI
,,,1,2,3,4,5,6,7,8,9,10,11,12,13,14,15,16,17,18,19,20,21,22,23,24,25,26,27,28,29,30,31,,
1,ARG Arso,Staklim Papua,ON,ON,ON,ON,ON,ON,ON,ON,ON,ON,ON,ON,ON,ON,ON,ON,ON,ON,ON,ON,ON,ON,ON,ON,ON,ON,ON,ON,ON,ON,ON,100.0%,
2,ARG Arso 2,,ON,ON,ON,ON,ON,ON,ON,ON,ON,ON,ON,ON,ON,ON,ON,ON,ON,ON,ON,ON,ON,ON,ON,ON,ON,ON,ON,ON,ON,ON,ON,100.0%,
3,ARG Benyom Jaya,,ON,ON,ON,ON,ON,ON,ON,ON,ON,ON,ON,ON,ON,ON,ON,ON,ON,ON,ON,ON,ON,ON,ON,ON,ON,ON,ON,ON,ON,ON,ON,100.0%,
4,ARG Biak Barat,,OFF,OFF,OFF,OFF,OFF,OFF,OFF,OFF,OFF,OFF,OFF,OFF,OFF,OFF,OFF,OFF,OFF,OFF,OFF,OFF,OFF,OFF,OFF,OFF,OFF,OFF,OFF,OFF,OFF,OFF,OFF,0.0%,catudaya bermassalah
5,ARG Bonggo,,ON,ON,ON,ON,ON,ON,ON,ON,ON,ON,ON,ON,ON,ON,ON,ON,ON,ON,ON,ON,ON,ON,ON,ON,ON,ON,ON,ON,ON,ON,ON,100.0%,
6,ARG Dok II,,ON,ON,ON,ON,ON,ON,ON,ON,ON,ON,ON,ON,ON,ON,ON,ON,ON,ON,ON,ON,ON,ON,ON,ON,ON,ON,ON,ON,ON,ON,ON,100.0%,
7,ARG Kaoreh,,ON,ON,ON,ON,ON,ON,ON,ON,ON,ON,ON,ON,ON,ON,ON,ON,ON,ON,ON,ON,ON,ON,ON,ON,ON,ON,ON,ON,ON,ON,ON,100.0%,
8,ARG Karya Bumi,,ON,ON,ON,ON,ON,ON,ON,ON,ON,ON,ON,ON,ON,ON,ON,ON,ON,ON,ON,ON,ON,ON,ON,ON,ON,ON,ON,ON,ON,ON,ON,100.0%,
9,ARG KORAMIL Senggi,,ON,ON,ON,ON,ON,ON,ON,ON,ON,ON,ON,ON,ON,ON,ON,ON,ON,ON,ON,ON,ON,ON,ON,ON,ON,ON,ON,ON,OFF,OFF,OFF,90.3%,
10,ARG Sarmi selatan,,ON,ON,ON,ON,ON,ON,ON,ON,ON,ON,ON,ON,ON,ON,ON,ON,ON,ON,ON,ON,ON,ON,ON,ON,ON,ON,ON,ON,ON,ON,ON,100.0%,
11,ARG Serui,,OFF,OFF,OFF,OFF,OFF,OFF,OFF,OFF,OFF,OFF,OFF,OFF,OFF,OFF,OFF,OFF,OFF,OFF,OFF,OFF,OFF,OFF,OFF,OFF,OFF,OFF,OFF,OFF,OFF,OFF,OFF,0.0%,
12,ARG Betaf,,ON,ON,ON,ON,ON,ON,ON,ON,ON,ON,ON,ON,ON,ON,ON,ON,ON,ON,ON,ON,ON,ON,ON,ON,ON,ON,ON,ON,ON,ON,ON,100.0%,
13,ARG Heram,,ON,ON,ON,ON,ON,ON,ON,ON,ON,ON,ON,ON,ON,ON,ON,ON,ON,ON,ON,ON,ON,ON,ON,ON,ON,ON,ON,ON,ON,ON,ON,100.0%,
14,ARG Waris,,ON,ON,ON,ON,ON,ON,ON,ON,ON,ON,ON,ON,ON,ON,ON,ON,ON,ON,ON,ON,ON,ON,ON,ON,ON,ON,ON,ON,ON,ON,ON,100.0%,
15,ARG Agats,Staklim Papua Selatan,ON,ON,ON,0FF,OFF,OFF,OFF,OFF,OFF,OFF,OFF,OFF,OFF,OFF,OFF,OFF,OFF,OFF,OFF,OFF,OFF,OFF,OFF,OFF,OFF,OFF,OFF,OFF,OFF,ON,ON,16.1%,Modem error
16,ARG Atsj,,ON,ON,ON,ON,ON,ON,ON,ON,ON,ON,ON,ON,ON,ON,ON,ON,ON,ON,ON,ON,ON,ON,ON,ON,ON,ON,ON,ON,ON,ON,ON,100.0%,
17,ARG BP3K Kurik,,ON,ON,ON,ON,ON,ON,ON,ON,ON,ON,ON,ON,ON,ON,ON,ON,ON,ON,ON,ON,ON,ON,ON,ON,ON,ON,ON,ON,ON,ON,ON,100.0%,
18,ARG BP3K Wasur,,ON,ON,ON,ON,ON,ON,ON,ON,ON,ON,ON,ON,ON,ON,ON,ON,ON,ON,ON,ON,ON,ON,ON,ON,ON,ON,ON,ON,ON,ON,ON,100.0%,
19,ARG Kuala Kencana,,ON,ON,ON,ON,ON,ON,ON,ON,ON,ON,ON,ON,ON,ON,ON,ON,ON,ON,ON,ON,ON,ON,ON,ON,ON,ON,ON,ON,ON,ON,ON,100.0%,
20,ARG Ngguti Bob,,ON,ON,ON,ON,ON,ON,ON,ON,ON,ON,ON,ON,ON,ON,ON,ON,ON,ON,ON,ON,ON,ON,ON,ON,ON,ON,ON,ON,ON,ON,ON,100.0%,
21,ARG SMPK Semangga,,ON,ON,ON,ON,ON,ON,ON,ON,ON,ON,ON,ON,ON,ON,ON,ON,ON,ON,ON,ON,ON,ON,ON,ON,ON,ON,ON,ON,ON,ON,ON,100.0%,
22,ARG Tanah Merah,,ON,ON,ON,ON,ON,ON,ON,ON,ON,ON,ON,ON,ON,ON,ON,ON,ON,ON,ON,ON,ON,ON,ON,ON,ON,ON,ON,ON,ON,ON,ON,100.0%,
23,ARG Sota,,ON,ON,ON,ON,ON,ON,ON,ON,ON,ON,ON,ON,ON,ON,ON,ON,ON,ON,ON,ON,ON,ON,ON,ON,ON,ON,ON,ON,ON,ON,ON,100.0%,
24,ARG Kimaam,,OFF,OFF,OFF,OFF,OFF,OFF,OFF,OFF,OFF,OFF,OFF,OFF,OFF,OFF,OFF,OFF,ON,ON,ON,ON,ON,ON,ON,ON,ON,ON,ON,ON,ON,ON,ON,48.4%,Modem dan logger error
25,ARG Ayamaru,Staklim Papua Barat,ON,ON,ON,ON,ON,ON,ON,ON,ON,ON,ON,ON,ON,ON,ON,ON,ON,ON,ON,ON,ON,ON,ON,ON,ON,ON,ON,ON,ON,ON,ON,100.0%,
26,ARG Manimere,,ON,ON,ON,ON,ON,ON,ON,ON,ON,ON,ON,ON,ON,ON,ON,ON,ON,ON,ON,ON,ON,ON,ON,ON,ON,ON,ON,ON,ON,ON,ON,100.0%,
27,ARG Waisai,,ON,ON,ON,ON,ON,ON,ON,ON,ON,ON,ON,ON,ON,ON,ON,ON,ON,ON,ON,ON,ON,ON,ON,ON,ON,ON,ON,ON,OFF,OFF,OFF,90.3%,
28,ARG Moswaren,,ON,ON,ON,ON,ON,ON,ON,ON,ON,ON,ON,ON,ON,ON,ON,ON,ON,ON,ON,ON,ON,ON,ON,ON,ON,ON,ON,ON,ON,ON,ON,100.0%,
29,ARG Senopi,,OFF,OFF,OFF,OFF,OFF,OFF,OFF,OFF,OFF,OFF,OFF,OFF,OFF,OFF,OFF,OFF,OFF,OFF,OFF,OFF,OFF,OFF,OFF,OFF,OFF,OFF,OFF,OFF,OFF,OFF,OFF,0.0%,Kendala kelistrikan
30,ARG Stageof Sorong,,ON,ON,ON,ON,ON,ON,ON,ON,ON,ON,ON,ON,ON,ON,ON,ON,ON,ON,ON,ON,ON,ON,ON,ON,ON,ON,ON,ON,ON,ON,ON,100.0%,
31,ARG Suteibey,,ON,ON,ON,ON,ON,ON,ON,ON,ON,ON,ON,ON,ON,ON,ON,ON,ON,ON,ON,ON,ON,ON,ON,ON,ON,ON,ON,ON,ON,ON,ON,100.0%,
32,ARG UNIPA Amban,,ON,ON,ON,ON,ON,ON,ON,ON,ON,ON,ON,ON,ON,ON,ON,ON,ON,ON,ON,ON,ON,ON,ON,ON,ON,ON,ON,ON,ON,ON,ON,100.0%,
33,ARG Kaimana,,ON,ON,ON,ON,ON,ON,ON,ON,ON,ON,ON,ON,ON,ON,ON,ON,ON,ON,ON,ON,ON,ON,ON,ON,ON,ON,ON,ON,ON,ON,ON,100.0%,
TOTAL PERESENTASE BULANAN,,,,,,,,,,,,,,,,,,,,,,,,,,,,,,,,,,85.8%,
,,,,,,,,,,,,,,,,,,,,,,,,,,,,,,,,,,,
OPERATIONAL LEVEL AGREEMENT (OLA) MONITORING DATA ARG,,,,,,,,,,,,,,,,,,,,,,,,,,,,,,,,,,,
BULAN JULI 2026,,,,,,,,,,,,,,,,,,,,,,,,,,,,,,,,,,,
,,,,,,,,,,,,,,,,,,,,,,,,,,,,,,,,,,,
No,Merk,Stasiun / PIC,Status,,,,,,,,,,,,,,,,,,,,,,,,,,,,,,,Persentase Aktif (%),KETERANGAN / PERMASALAHAN / MITIGASI
,,,1,2,3,4,5,6,7,8,9,10,11,12,13,14,15,16,17,18,19,20,21,22,23,24,25,26,27,28,29,30,31,,
1,ARG Arso,Staklim Papua,100%,100%,100%,100%,100%,100%,100%,100%,100%,100%,100%,100%,100%,100%,100%,100%,100%,100%,100%,98%,100%,100%,100%,100%,100%,100%,99%,99%,100%,100%,100%,99.9%,
2,ARG Arso 2,,100%,100%,100%,100%,100%,100%,100%,100%,100%,100%,100%,100%,100%,100%,100%,100%,100%,100%,100%,97%,100%,100%,100%,100%,100%,100%,100%,100%,99%,100%,100%,99.9%,
3,ARG Benyom Jaya,,99%,100%,100%,100%,100%,100%,98%,95%,98%,100%,100%,100%,100%,98%,98%,100%,99%,100%,99%,97%,93%,100%,100%,100%,93%,97%,99%,100%,100%,99%,99%,98.7%,
4,ARG Biak Barat,,0%,0%,0%,0%,0%,0%,0%,0%,0%,0%,0%,0%,0%,0%,0%,0%,0%,0%,0%,0%,0%,0%,0%,0%,0%,0%,0%,0%,0%,0%,0%,0.0%,catudaya ermasalah
5,ARG Bonggo,,98%,100%,100%,100%,100%,100%,100%,100%,100%,100%,100%,100%,100%,100%,100%,100%,100%,100%,100%,100%,100%,100%,100%,100%,93%,100%,100%,100%,100%,100%,100%,99.7%,
6,ARG Dok II,,100%,100%,100%,100%,100%,100%,100%,100%,100%,100%,100%,100%,100%,100%,100%,100%,100%,100%,100%,100%,100%,100%,100%,100%,93%,99%,100%,100%,99%,99%,100%,99.7%,
7,ARG Kaoreh,,100%,100%,100%,100%,100%,100%,100%,100%,100%,100%,100%,100%,100%,100%,100%,100%,100%,100%,100%,100%,100%,100%,100%,100%,92%,100%,100%,100%,100%,99%,100%,99.7%,
8,ARG Karya Bumi,,100%,100%,100%,100%,100%,100%,99%,100%,100%,100%,100%,100%,100%,100%,100%,99%,100%,99%,100%,100%,100%,100%,100%,100%,94%,100%,100%,100%,100%,99%,100%,99.7%,
9,ARG KORAMIL Senggi,,29%,2%,0%,0%,61%,77%,29%,0%,70%,97%,82%,82%,78%,50%,80%,79%,77%,87%,84%,65%,54%,75%,59%,91%,15%,36%,21%,21%,0%,4%,0%,48.5%,
10,ARG Sarmi selatan,,100%,98%,100%,98%,99%,100%,97%,100%,100%,100%,100%,100%,100%,96%,99%,100%,99%,99%,100%,99%,100%,100%,100%,98%,93%,99%,100%,99%,100%,99%,99%,99.1%,
11,ARG Serui,,0%,0%,0%,0%,0%,0%,0%,0%,0%,0%,0%,0%,0%,0%,0%,0%,0%,0%,0%,0%,0%,0%,0%,0%,0%,0%,0%,0%,0%,0%,0%,0.0%,
12,ARG Betaf,,98%,100%,100%,100%,100%,99%,99%,100%,100%,100%,100%,100%,100%,100%,100%,100%,100%,79%,100%,100%,100%,92%,99%,100%,92%,100%,100%,100%,100%,100%,99%,98.6%,
13,ARG Heram,,100%,100%,100%,100%,100%,100%,100%,100%,100%,100%,100%,100%,100%,100%,100%,100%,100%,100%,100%,100%,100%,100%,100%,100%,94%,100%,100%,100%,100%,100%,100%,99.8%,
14,ARG Waris,,100%,99%,99%,100%,100%,99%,100%,100%,100%,100%,100%,100%,99%,100%,100%,100%,100%,100%,100%,100%,100%,100%,100%,100%,92%,100%,99%,100%,100%,100%,100%,99.6%,
15,ARG Agats,Staklim Papua Selatan,100%,100%,34%,0%,0%,0%,0%,0%,0%,0%,0%,0%,0%,0%,0%,0%,0%,0%,0%,0%,0%,0%,0%,0%,0%,0%,0%,0%,0%,21%,77%,10.7%,Modem error
16,ARG Atsj,,99%,99%,100%,100%,100%,99%,100%,99%,99%,100%,99%,100%,98%,100%,98%,99%,98%,99%,99%,100%,99%,99%,98%,100%,93%,99%,100%,99%,99%,98%,97%,98.9%,
17,ARG BP3K Kurik,,100%,100%,99%,100%,100%,100%,100%,100%,100%,100%,100%,100%,100%,100%,100%,100%,99%,100%,99%,100%,100%,100%,99%,100%,93%,100%,100%,100%,100%,100%,100%,99.6%,
18,ARG BP3K Wasur,,100%,100%,100%,100%,100%,100%,100%,100%,100%,100%,100%,100%,100%,100%,100%,100%,100%,100%,100%,100%,100%,100%,100%,100%,93%,100%,100%,100%,100%,100%,100%,99.8%,
19,ARG Kuala Kencana,,97%,100%,100%,100%,99%,93%,95%,97%,97%,97%,98%,99%,97%,93%,93%,97%,100%,100%,97%,95%,95%,96%,77%,67%,92%,100%,100%,100%,100%,100%,100%,95.8%,
20,ARG Ngguti Bob,,99%,100%,99%,100%,100%,98%,97%,100%,99%,100%,100%,100%,100%,100%,100%,100%,100%,99%,100%,100%,99%,100%,100%,99%,93%,99%,100%,98%,99%,100%,16%,96.6%,
21,ARG SMPK Semangga,,100%,100%,100%,100%,100%,100%,100%,100%,100%,100%,100%,100%,100%,100%,100%,100%,100%,100%,100%,100%,100%,100%,100%,100%,94%,100%,100%,100%,100%,100%,100%,99.8%,
22,ARG Tanah Merah,,100%,100%,100%,100%,100%,100%,100%,100%,73%,91%,95%,100%,100%,100%,100%,100%,100%,88%,95%,100%,100%,100%,100%,100%,94%,100%,100%,100%,100%,100%,100%,97.9%,
23,ARG Sota,,100%,100%,98%,100%,100%,100%,100%,100%,100%,100%,100%,100%,100%,100%,100%,100%,100%,100%,100%,100%,100%,100%,100%,100%,93%,100%,100%,100%,100%,100%,100%,99.7%,
24,ARG Kimaam,,0%,0%,0%,0%,0%,0%,0%,0%,0%,0%,0%,0%,0%,0%,0%,0%,90%,100%,100%,99%,100%,100%,100%,99%,93%,100%,100%,99%,100%,100%,100%,47.7%,Modem dan logger error
25,ARG Ayamaru, Staklim Papua Barat,100%,98%,100%,100%,100%,100%,100%,100%,100%,100%,100%,100%,100%,100%,100%,100%,100%,100%,100%,100%,100%,100%,100%,100%,94%,100%,100%,100%,100%,100%,100%,99.7%,
26,ARG Manimere,,100%,100%,100%,99%,100%,100%,100%,100%,99%,100%,100%,100%,100%,100%,100%,100%,100%,99%,50%,47%,45%,47%,39%,50%,84%,50%,56%,52%,50%,97%,52%,81.2%,
27,ARG Waisai,,100%,100%,100%,100%,100%,100%,100%,100%,100%,100%,100%,100%,100%,100%,100%,100%,100%,100%,100%,100%,100%,100%,100%,100%,93%,100%,100%,82%,0%,0%,0%,89.5%,
28,ARG Moswaren,,100%,98%,99%,100%,99%,100%,100%,97%,100%,100%,99%,100%,99%,100%,100%,100%,100%,100%,100%,100%,100%,100%,100%,100%,93%,100%,100%,100%,100%,100%,100%,99.5%,
29,ARG Senopi,,0%,0%,0%,0%,0%,0%,0%,0%,0%,0%,0%,0%,0%,0%,0%,0%,0%,0%,0%,0%,0%,0%,0%,0%,0%,0%,0%,0%,0%,0%,0%,0.0%,Kendala kelistrikan
30,ARG Stageof Sorong,,100%,100%,100%,100%,100%,100%,100%,100%,100%,100%,100%,100%,100%,100%,100%,100%,100%,100%,100%,100%,100%,100%,100%,100%,93%,100%,100%,100%,100%,100%,100%,99.8%,
31,ARG Suteibey,,100%,100%,100%,100%,100%,100%,100%,100%,100%,100%,100%,100%,100%,100%,100%,100%,100%,100%,100%,100%,100%,100%,100%,100%,93%,100%,100%,100%,100%,100%,100%,99.8%,
32,ARG UNIPA Amban,,100%,100%,100%,100%,100%,100%,100%,100%,100%,100%,100%,100%,100%,100%,100%,100%,100%,100%,100%,100%,100%,100%,100%,100%,95%,100%,100%,100%,100%,100%,100%,99.8%,
33,ARG Kaimana,,100%,100%,100%,100%,100%,100%,100%,100%,100%,100%,100%,100%,100%,100%,100%,100%,100%,100%,100%,100%,100%,100%,100%,100%,93%,100%,100%,100%,100%,100%,100%,99.8%,
TOTAL PERSENTASE BULANAN,,,,,,,,,,,,,,,,,,,,,,,,,,,,,,,,,,83.1%,
,,,,,,,,,,,,,,,,,,,,,,,,,,,,,,,,,,,
,,,,,,,,,,,,,,,,,,,,,,,,,,,,,,,,,,,
SERVICE LEVEL AGREEMENT ( SLA ) MONITORING DATA  ARG,,,,,,,,,,,,,,,,,,,,,,,,,,,,,,,,,,,
BULAN AGUSTUS 2026,,,,,,,,,,,,,,,,,,,,,,,,,,,,,,,,,,,
,,,,,,,,,,,,,,,,,,,,,,,,,,,,,,,,,,,
No,Merk,Stasiun / PIC,Status,,,,,,,,,,,,,,,,,,,,,,,,,,,,,,,Persentase Aktif (%),KETERANGAN / PERMASALAHAN / MITIGASI
,,,1,2,3,4,5,6,7,8,9,10,11,12,13,14,15,16,17,18,19,20,21,22,23,24,25,26,27,28,29,30,31,,
1,ARG Arso,Staklim Papua,ON,ON,ON,ON,ON,ON,ON,ON,ON,ON,ON,ON,ON,ON,ON,ON,ON,ON,ON,ON,ON,ON,ON,ON,ON,ON,ON,ON,ON,ON,ON,100.0%,
2,ARG Arso 2,,ON,ON,ON,ON,ON,ON,ON,ON,ON,ON,ON,ON,ON,ON,ON,ON,ON,ON,ON,ON,ON,ON,ON,ON,ON,ON,ON,ON,ON,ON,ON,100.0%,
3,ARG Benyom Jaya,,ON,ON,ON,ON,ON,ON,ON,ON,ON,ON,ON,ON,ON,ON,ON,ON,ON,ON,ON,ON,ON,ON,ON,ON,ON,ON,ON,ON,ON,ON,ON,100.0%,
4,ARG Biak Barat,,OFF,OFF,OFF,OFF,OFF,OFF,OFF,OFF,OFF,OFF,OFF,OFF,OFF,OFF,OFF,OFF,OFF,OFF,OFF,OFF,OFF,OFF,OFF,OFF,OFF,OFF,OFF,OFF,OFF,OFF,OFF,0.0%,indikasi kelistrikan dan komunikasi
5,ARG Bonggo,,ON,ON,ON,ON,ON,ON,ON,ON,ON,ON,ON,ON,ON,ON,ON,ON,ON,ON,ON,ON,ON,ON,ON,ON,ON,ON,ON,ON,ON,ON,ON,100.0%,
6,ARG Dok II,,ON,ON,ON,ON,ON,ON,ON,ON,ON,ON,ON,ON,ON,ON,ON,ON,ON,ON,ON,ON,ON,ON,ON,ON,ON,ON,ON,ON,ON,ON,ON,100.0%,
7,ARG Kaoreh,,ON,ON,ON,ON,ON,ON,ON,ON,ON,ON,ON,ON,ON,ON,ON,ON,ON,ON,ON,ON,ON,ON,ON,ON,ON,ON,ON,ON,ON,ON,ON,100.0%,
8,ARG Karya Bumi,,ON,ON,ON,ON,ON,ON,ON,ON,ON,ON,ON,ON,ON,ON,ON,ON,ON,ON,ON,ON,ON,ON,ON,ON,ON,ON,ON,ON,ON,ON,ON,100.0%,
9,ARG KORAMIL Senggi,,OFF,OFF,OFF,OFF,ON,ON,ON,ON,ON,ON,ON,ON,ON,ON,ON,ON,ON,ON,ON,ON,ON,ON,ON,ON,ON,ON,ON,ON,ON,ON,ON,87.1%,SUDAH RESYSTEM
10,ARG Sarmi selatan,,ON,ON,ON,ON,ON,ON,ON,ON,ON,ON,ON,ON,ON,ON,ON,ON,ON,ON,ON,ON,ON,ON,ON,ON,ON,ON,ON,ON,ON,ON,ON,100.0%,
11,ARG Serui,,OFF,OFF,OFF,OFF,OFF,OFF,OFF,OFF,OFF,OFF,OFF,OFF,OFF,OFF,OFF,OFF,OFF,OFF,OFF,OFF,OFF,OFF,OFF,OFF,OFF,OFF,OFF,OFF,OFF,OFF,OFF,0.0%,indikasi kelistrikan dan komunikasi
12,ARG Betaf,,ON,ON,ON,ON,ON,ON,ON,ON,ON,ON,ON,ON,ON,ON,ON,ON,ON,ON,ON,ON,ON,ON,ON,ON,ON,ON,ON,ON,ON,ON,ON,100.0%,
13,ARG Heram,,ON,ON,ON,ON,ON,ON,ON,ON,ON,ON,ON,ON,ON,ON,ON,ON,ON,ON,ON,ON,ON,ON,ON,ON,ON,ON,ON,ON,ON,ON,ON,100.0%,
14,ARG Waris,,ON,ON,ON,ON,ON,ON,ON,ON,ON,ON,ON,ON,ON,ON,ON,ON,ON,ON,ON,ON,ON,ON,ON,ON,ON,ON,ON,ON,ON,ON,ON,100.0%,
15,ARG Agats,Staklim Papua Selatan,ON,ON,ON,ON,ON,OFF,OFF,OFF,OFF,ON,ON,ON,ON,ON,ON,ON,ON,ON,ON,ON,ON,ON,ON,ON,ON,ON,ON,ON,ON,ON,ON,87.1%,
16,ARG Atsj,,ON,ON,ON,ON,ON,ON,ON,ON,ON,ON,ON,ON,ON,ON,ON,ON,ON,ON,ON,ON,ON,ON,ON,ON,ON,ON,ON,ON,ON,ON,ON,100.0%,
17,ARG BP3K Kurik,,ON,ON,ON,ON,ON,ON,ON,ON,ON,ON,ON,ON,ON,ON,ON,ON,ON,ON,ON,ON,ON,ON,ON,ON,ON,ON,ON,ON,ON,ON,ON,100.0%,
18,ARG BP3K Wasur,,ON,ON,ON,ON,ON,ON,ON,ON,ON,ON,ON,ON,ON,ON,ON,ON,ON,ON,ON,ON,ON,ON,ON,ON,ON,ON,ON,ON,ON,ON,ON,100.0%,
19,ARG Kuala Kencana,,ON,ON,ON,ON,ON,ON,ON,ON,ON,ON,ON,ON,ON,ON,ON,ON,ON,ON,ON,ON,ON,ON,ON,ON,ON,ON,ON,ON,ON,ON,ON,100.0%,
20,ARG Ngguti Bob,,OFF,ON,ON,ON,ON,ON,ON,OFF,OFF,ON,ON,ON,ON,ON,ON,ON,ON,ON,ON,ON,ON,ON,ON,ON,ON,ON,ON,ON,ON,ON,ON,90.3%,
21,ARG SMPK Semangga,,ON,ON,ON,ON,ON,ON,ON,ON,ON,ON,ON,ON,ON,ON,ON,ON,ON,ON,ON,ON,ON,ON,ON,ON,ON,ON,ON,ON,ON,ON,ON,100.0%,
22,ARG Tanah Merah,,ON,ON,ON,ON,ON,ON,ON,ON,ON,ON,ON,ON,ON,ON,ON,ON,ON,ON,ON,ON,ON,ON,ON,ON,ON,ON,ON,ON,ON,ON,ON,100.0%,
23,ARG Sota,,ON,ON,ON,ON,ON,ON,ON,ON,ON,ON,ON,ON,ON,ON,ON,ON,ON,ON,ON,ON,ON,ON,ON,ON,ON,ON,ON,ON,ON,ON,ON,100.0%,
24,ARG Kimaam,,ON,ON,ON,ON,ON,ON,ON,ON,ON,ON,ON,ON,ON,ON,ON,ON,ON,ON,ON,ON,ON,ON,ON,ON,ON,ON,ON,ON,ON,ON,ON,100.0%,
25,ARG Ayamaru,Staklim Papua Barat,ON,ON,ON,ON,ON,ON,ON,ON,ON,ON,ON,ON,ON,ON,ON,ON,ON,ON,ON,ON,ON,ON,ON,ON,ON,ON,ON,ON,ON,ON,ON,100.0%,
26,ARG Manimere,,ON,ON,ON,ON,ON,ON,ON,ON,ON,ON,ON,ON,ON,ON,ON,ON,ON,ON,ON,ON,ON,ON,ON,ON,ON,ON,ON,ON,ON,ON,ON,100.0%,
27,ARG Waisai,,OFF,ON,ON,ON,ON,ON,ON,ON,ON,ON,ON,ON,ON,ON,ON,ON,ON,ON,ON,ON,ON,ON,ON,ON,ON,ON,ON,ON,ON,ON,ON,96.8%,
28,ARG Moswaren,,ON,ON,ON,OFF,OFF,ON,ON,ON,ON,ON,ON,ON,ON,ON,ON,ON,ON,ON,ON,ON,ON,ON,ON,ON,ON,ON,ON,ON,ON,ON,ON,93.5%,
29,ARG Senopi,,OFF,OFF,OFF,OFF,OFF,OFF,OFF,OFF,OFF,OFF,OFF,OFF,OFF,OFF,OFF,OFF,OFF,OFF,OFF,OFF,OFF,OFF,OFF,OFF,OFF,OFF,OFF,OFF,OFF,OFF,OFF,0.0%,Perlu penggantian modem baru
30,ARG Stageof Sorong,,ON,ON,ON,ON,ON,ON,ON,ON,ON,ON,ON,ON,ON,ON,ON,ON,ON,ON,ON,ON,ON,ON,ON,ON,ON,ON,ON,ON,ON,ON,ON,100.0%,
31,ARG Suteibey,,ON,ON,ON,ON,ON,ON,ON,ON,ON,ON,ON,ON,ON,ON,ON,ON,ON,ON,ON,ON,ON,ON,ON,ON,ON,ON,ON,ON,ON,ON,ON,100.0%,
32,ARG UNIPA Amban,,ON,ON,ON,ON,ON,ON,ON,ON,ON,ON,ON,ON,ON,ON,ON,ON,ON,ON,ON,ON,ON,ON,ON,ON,ON,ON,ON,ON,ON,ON,ON,100.0%,
33,ARG Kaimana,,ON,ON,ON,ON,ON,ON,ON,ON,ON,ON,ON,ON,ON,ON,ON,ON,ON,ON,ON,ON,ON,ON,ON,ON,ON,ON,ON,ON,ON,ON,ON,100.0%,
TOTAL PERESENTASE BULANAN,,,,,,,,,,,,,,,,,,,,,,,,,,,,,,,,,,89.2%,
,,,,,,,,,,,,,,,,,,,,,,,,,,,,,,,,,,,
OPERATIONAL LEVEL AGREEMENT (OLA) MONITORING DATA ARG,,,,,,,,,,,,,,,,,,,,,,,,,,,,,,,,,,,
BULAN AGUSTUS 2026,,,,,,,,,,,,,,,,,,,,,,,,,,,,,,,,,,,
,,,,,,,,,,,,,,,,,,,,,,,,,,,,,,,,,,,
No,Merk,Stasiun / PIC,Status,,,,,,,,,,,,,,,,,,,,,,,,,,,,,,,Persentase Aktif (%),KETERANGAN / PERMASALAHAN / MITIGASI
,,,1,2,3,4,5,6,7,8,9,10,11,12,13,14,15,16,17,18,19,20,21,22,23,24,25,26,27,28,29,30,31,,
1,ARG Arso,Staklim Papua,100%,100%,100%,99%,100%,100%,100%,100%,100%,100%,99%,100%,99%,99%,100%,100%,99%,100%,100%,100%,100%,100%,100%,99%,100%,100%,100%,100%,100%,100%,100%,99.8%,
2,ARG Arso 2,,100%,100%,100%,100%,100%,100%,100%,100%,99%,100%,100%,100%,100%,100%,100%,100%,100%,100%,100%,100%,100%,100%,100%,100%,100%,100%,100%,100%,100%,100%,100%,100.0%,
3,ARG Benyom Jaya,,99%,100%,100%,100%,100%,98%,100%,100%,100%,100%,100%,100%,100%,100%,100%,100%,100%,100%,100%,100%,100%,100%,100%,100%,100%,100%,100%,100%,100%,100%,100%,99.9%,
4,ARG Biak Barat,,0%,0%,0%,0%,0%,0%,0%,0%,0%,0%,0%,0%,0%,0%,0%,0%,0%,0%,0%,0%,0%,0%,0%,0%,0%,0%,0%,0%,0%,0%,0%,0.0%,Teknisi Balai agar koordinasi dengan teknis staklim papua  utk dilaporkan kendala OFF/0%
5,ARG Bonggo,,100%,100%,100%,100%,100%,100%,100%,100%,100%,100%,100%,100%,100%,100%,99%,100%,100%,100%,100%,100%,100%,100%,100%,100%,100%,99%,100%,100%,100%,100%,100%,99.9%,
6,ARG Dok II,,100%,100%,100%,100%,100%,100%,100%,100%,100%,100%,100%,99%,100%,100%,100%,100%,100%,100%,100%,100%,100%,99%,100%,100%,100%,100%,100%,100%,100%,100%,100%,99.9%,
7,ARG Kaoreh,,100%,100%,100%,100%,100%,100%,100%,100%,100%,100%,100%,100%,99%,100%,100%,100%,100%,99%,100%,100%,100%,100%,100%,100%,100%,100%,100%,99%,100%,100%,100%,99.9%,
8,ARG Karya Bumi,,100%,100%,99%,100%,99%,100%,100%,100%,100%,100%,100%,100%,100%,100%,100%,100%,100%,100%,100%,100%,100%,100%,100%,100%,100%,100%,100%,100%,100%,100%,100%,99.9%,
9,ARG KORAMIL Senggi,,0%,0%,0%,0%,74%,100%,100%,98%,98%,98%,100%,98%,99%,99%,100%,100%,100%,100%,100%,100%,100%,99%,100%,100%,100%,100%,100%,100%,99%,100%,100%,85.9%,
10,ARG Sarmi selatan,,100%,100%,100%,98%,98%,100%,100%,99%,99%,100%,99%,100%,100%,100%,100%,99%,100%,100%,99%,100%,100%,99%,100%,98%,100%,99%,100%,97%,99%,100%,100%,99.5%,
11,ARG Serui,,0%,0%,0%,0%,0%,0%,0%,0%,0%,0%,0%,0%,0%,0%,0%,0%,0%,0%,0%,0%,0%,0%,0%,0%,0%,0%,0%,0%,0%,0%,0%,0.0%,Teknisi Balai agar koordinasi dengan teknis staklim papua  utk dilaporkan kendala OFF/0%
12,ARG Betaf,,100%,99%,100%,100%,100%,99%,100%,100%,100%,100%,100%,100%,100%,99%,99%,100%,100%,100%,100%,100%,100%,100%,100%,100%,100%,100%,99%,100%,100%,100%,100%,99.8%,
13,ARG Heram,,100%,100%,100%,100%,100%,95%,98%,100%,100%,100%,100%,100%,100%,100%,100%,100%,100%,100%,100%,100%,100%,100%,99%,100%,100%,100%,100%,81%,90%,100%,100%,98.8%,
14,ARG Waris,,100%,100%,100%,96%,97%,100%,100%,100%,100%,100%,100%,100%,99%,100%,100%,100%,98%,100%,100%,100%,100%,97%,95%,92%,90%,89%,94%,99%,100%,100%,100%,98.3%,
15,ARG Agats,Staklim Papua Selatan,100%,100%,100%,100%,70%,0%,0%,0%,0%,97%,100%,100%,100%,100%,100%,100%,100%,100%,100%,100%,100%,100%,100%,100%,100%,100%,100%,100%,100%,100%,100%,86.0%,
16,ARG Atsj,,99%,96%,96%,99%,100%,99%,100%,100%,98%,99%,98%,100%,98%,99%,98%,99%,99%,98%,100%,98%,99%,100%,100%,96%,98%,99%,99%,98%,97%,98%,98%,98.5%,
17,ARG BP3K Kurik,,100%,100%,100%,100%,100%,100%,99%,100%,100%,99%,100%,100%,99%,100%,100%,99%,100%,99%,100%,100%,99%,100%,100%,100%,100%,99%,100%,100%,99%,100%,100%,99.7%,
18,ARG BP3K Wasur,,100%,100%,100%,100%,100%,100%,100%,100%,100%,100%,100%,100%,100%,100%,100%,100%,100%,100%,100%,100%,100%,100%,100%,100%,100%,100%,100%,100%,100%,100%,100%,100.0%,
19,ARG Kuala Kencana,,100%,99%,99%,100%,100%,100%,100%,100%,100%,100%,93%,96%,99%,100%,100%,100%,100%,100%,100%,100%,100%,100%,100%,100%,100%,75%,100%,100%,100%,100%,100%,98.7%,
20,ARG Ngguti Bob,,0%,3%,100%,100%,100%,98%,65%,0%,0%,99%,100%,100%,100%,100%,100%,100%,44%,3%,100%,100%,100%,99%,63%,38%,2%,13%,0%,0%,0%,0%,40%,57.0%,
21,ARG SMPK Semangga,,100%,100%,100%,100%,100%,100%,100%,100%,100%,100%,100%,100%,100%,100%,100%,100%,100%,100%,100%,100%,100%,100%,100%,100%,100%,100%,100%,100%,100%,100%,100%,100.0%,
22,ARG Tanah Merah,,100%,100%,100%,100%,100%,88%,76%,76%,80%,72%,97%,100%,93%,93%,89%,95%,100%,100%,100%,99%,100%,100%,100%,100%,100%,100%,100%,100%,100%,100%,85%,94.9%,
23,ARG Sota,,100%,100%,100%,100%,100%,100%,100%,95%,100%,100%,100%,100%,100%,100%,100%,100%,100%,100%,100%,100%,100%,100%,100%,100%,100%,100%,100%,100%,100%,100%,100%,99.8%,
24,ARG Kimaam,,100%,100%,100%,100%,100%,100%,100%,100%,100%,100%,100%,100%,100%,100%,100%,100%,100%,100%,100%,100%,100%,100%,100%,100%,100%,100%,100%,100%,100%,100%,100%,100.0%,
25,ARG Ayamaru, Staklim Papua Barat,100%,100%,100%,100%,100%,100%,100%,100%,100%,100%,100%,100%,100%,100%,100%,100%,100%,100%,100%,100%,100%,100%,100%,100%,100%,100%,100%,100%,100%,100%,100%,100.0%,
26,ARG Manimere,,45%,49%,75%,54%,47%,70%,50%,100%,100%,92%,88%,100%,100%,93%,93%,100%,88%,82%,92%,88%,67%,59%,56%,100%,100%,56%,55%,84%,72%,68%,80%,77.5%,
27,ARG Waisai,,0%,50%,100%,100%,100%,100%,100%,100%,100%,100%,100%,100%,100%,100%,100%,100%,100%,100%,100%,100%,100%,100%,100%,100%,100%,100%,100%,100%,100%,100%,100%,95.2%,
28,ARG Moswaren,,100%,99%,33%,0%,0%,7%,100%,100%,100%,100%,100%,100%,100%,100%,100%,100%,100%,100%,100%,99%,100%,100%,100%,100%,100%,100%,100%,100%,100%,100%,100%,88.3%,
29,ARG Senopi,,0%,0%,0%,0%,0%,0%,0%,0%,0%,0%,0%,0%,0%,0%,0%,0%,0%,0%,0%,0%,0%,0%,0%,0%,0%,0%,0%,0%,0%,0%,0%,0.0%,Perlu penggantian modem baru
30,ARG Stageof Sorong,,100%,100%,100%,100%,100%,100%,100%,100%,100%,100%,100%,100%,100%,100%,100%,100%,100%,100%,100%,100%,100%,100%,100%,100%,100%,100%,100%,100%,100%,100%,100%,100.0%,
31,ARG Suteibey,,100%,100%,100%,100%,100%,100%,100%,100%,100%,100%,100%,100%,100%,100%,100%,100%,100%,100%,100%,100%,100%,100%,100%,100%,100%,100%,100%,100%,100%,100%,100%,100.0%,
32,ARG UNIPA Amban,,100%,100%,100%,99%,100%,100%,100%,100%,100%,100%,100%,100%,100%,100%,100%,100%,100%,100%,100%,100%,100%,100%,100%,100%,100%,100%,100%,100%,100%,100%,100%,100.0%,
33,ARG Kaimana,,100%,100%,100%,100%,100%,100%,100%,100%,100%,100%,100%,100%,100%,100%,100%,100%,100%,100%,100%,100%,100%,99%,100%,100%,100%,100%,100%,100%,100%,100%,100%,100.0%,
TOTAL PERSENTASE BULANAN,,,,,,,,,,,,,,,,,,,,,,,,,,,,,,,,,,86.8%,
,,,,,,,,,,,,,,,,,,,,,,,,,,,,,,,,,,,
,,,,,,,,,,,,,,,,,,,,,,,,,,,,,,,,,,,
SERVICE LEVEL AGREEMENT ( SLA ) MONITORING DATA  ARG,,,,,,,,,,,,,,,,,,,,,,,,,,,,,,,,,,,
BULAN SEPTEMBER 2026,,,,,,,,,,,,,,,,,,,,,,,,,,,,,,,,,,,
,,,,,,,,,,,,,,,,,,,,,,,,,,,,,,,,,,,
No,Merk,Stasiun / PIC,Status,,,,,,,,,,,,,,,,,,,,,,,,,,,,,,,Persentase Aktif (%),KETERANGAN / PERMASALAHAN / MITIGASI
,,,1,2,3,4,5,6,7,8,9,10,11,12,13,14,15,16,17,18,19,20,21,22,23,24,25,26,27,28,29,30,-,,
1,ARG Arso,Staklim Papua,ON,ON,ON,ON,ON,ON,ON,ON,ON,ON,ON,ON,ON,ON,ON,ON,ON,ON,ON,ON,ON,ON,ON,ON,ON,ON,ON,ON,ON,ON,,100.0%,
2,ARG Arso 2,,ON,ON,ON,ON,ON,ON,ON,ON,ON,ON,ON,ON,ON,ON,ON,ON,OFF,OFF,OFF,OFF,OFF,OFF,OFF,OFF,OFF,OFF,OFF,OFF,OFF,OFF,,53.3%,Terdapat kendala pada catudaya
3,ARG Benyom Jaya,,ON,ON,ON,ON,ON,ON,ON,ON,ON,ON,ON,ON,ON,ON,ON,ON,ON,ON,ON,ON,ON,ON,ON,ON,ON,ON,ON,ON,ON,ON,,100.0%,
4,ARG Biak Barat,,OFF,OFF,OFF,OFF,OFF,OFF,OFF,OFF,OFF,OFF,OFF,OFF,OFF,OFF,OFF,OFF,OFF,OFF,OFF,OFF,OFF,OFF,OFF,OFF,OFF,OFF,OFF,OFF,OFF,OFF,,0.0%,Terdapat kendala pada sim card modem
5,ARG Bonggo,,ON,ON,ON,ON,ON,ON,ON,ON,ON,ON,ON,ON,ON,ON,ON,ON,ON,ON,ON,ON,ON,ON,ON,ON,ON,ON,ON,ON,ON,ON,,100.0%,
6,ARG Dok II,,ON,ON,ON,ON,ON,ON,ON,ON,ON,ON,ON,ON,ON,ON,ON,ON,ON,ON,ON,ON,ON,ON,ON,ON,ON,ON,ON,ON,ON,ON,,100.0%,
7,ARG Kaoreh,,ON,ON,ON,ON,ON,ON,ON,ON,ON,ON,ON,ON,ON,ON,ON,ON,ON,ON,ON,ON,ON,ON,ON,ON,ON,ON,ON,ON,ON,ON,,100.0%,
8,ARG Karya Bumi,,ON,ON,ON,ON,ON,ON,ON,ON,ON,ON,ON,ON,ON,ON,ON,ON,ON,ON,ON,ON,ON,ON,ON,ON,ON,ON,ON,ON,ON,ON,,100.0%,
9,ARG KORAMIL Senggi,,ON,ON,ON,ON,ON,ON,ON,ON,ON,ON,ON,ON,ON,ON,ON,ON,ON,ON,ON,ON,ON,ON,ON,ON,ON,ON,ON,ON,ON,ON,,100.0%,
10,ARG Sarmi selatan,,ON,ON,ON,ON,ON,ON,ON,ON,ON,ON,ON,ON,ON,ON,ON,ON,ON,ON,ON,ON,ON,ON,ON,ON,ON,ON,ON,ON,ON,ON,,100.0%,
11,ARG Serui,,OFF,OFF,OFF,OFF,OFF,OFF,OFF,OFF,OFF,OFF,OFF,OFF,OFF,OFF,OFF,OFF,OFF,OFF,OFF,OFF,OFF,OFF,OFF,OFF,OFF,OFF,OFF,OFF,OFF,OFF,,0.0%,terdapat kendala pada data logger
12,ARG Betaf,,ON,ON,ON,ON,ON,ON,ON,ON,ON,ON,ON,ON,ON,ON,ON,ON,ON,ON,ON,ON,ON,ON,ON,ON,ON,ON,ON,ON,ON,ON,,100.0%,
13,ARG Heram,,ON,ON,ON,ON,ON,ON,ON,ON,ON,ON,ON,ON,ON,ON,ON,ON,ON,ON,ON,ON,ON,ON,ON,ON,ON,ON,ON,ON,ON,ON,,100.0%,
14,ARG Waris,,ON,ON,ON,ON,ON,ON,ON,ON,OFF,OFF,OFF,ON,ON,ON,ON,ON,ON,ON,ON,ON,ON,ON,ON,ON,ON,ON,ON,ON,ON,ON,,90.0%,Kendala sinyal
15,ARG Agats,Staklim Papua Selatan,ON,ON,ON,ON,ON,ON,ON,ON,ON,ON,ON,ON,ON,ON,ON,ON,ON,ON,ON,ON,ON,ON,ON,ON,ON,ON,ON,ON,ON,ON,,100.0%,
16,ARG Atsj,,ON,ON,ON,ON,ON,ON,ON,ON,ON,ON,ON,ON,ON,ON,ON,ON,ON,ON,ON,ON,ON,ON,ON,ON,ON,ON,ON,ON,ON,ON,,100.0%,
17,ARG BP3K Kurik,,ON,ON,ON,ON,ON,ON,ON,ON,ON,ON,ON,ON,ON,ON,ON,ON,ON,ON,ON,ON,ON,ON,ON,ON,ON,ON,ON,ON,ON,ON,,100.0%,
18,ARG BP3K Wasur,,ON,ON,ON,ON,ON,ON,ON,ON,ON,ON,ON,ON,ON,ON,ON,ON,ON,ON,ON,ON,ON,ON,ON,ON,ON,ON,ON,ON,ON,ON,,100.0%,
19,ARG Kuala Kencana,,ON,ON,ON,ON,ON,ON,ON,ON,ON,ON,ON,ON,ON,ON,ON,ON,ON,ON,ON,ON,ON,ON,ON,ON,ON,ON,OFF,OFF,ON,ON,,93.3%,
20,ARG Ngguti Bob,,OFF,ON,OFF,OFF,OFF,OFF,ON,ON,ON,ON,OFF,OFF,OFF,OFF,ON,ON,OFF,OFF,OFF,OFF,OFF,ON,ON,ON,ON,ON,ON,OFF,OFF,OFF,,43.3%,Kendala pada modem
21,ARG SMPK Semangga,,ON,ON,ON,ON,ON,ON,ON,ON,ON,ON,ON,ON,ON,ON,ON,ON,ON,ON,ON,ON,ON,ON,ON,ON,ON,ON,ON,ON,ON,ON,,100.0%,
22,ARG Tanah Merah,,ON,ON,ON,ON,ON,ON,ON,ON,ON,ON,ON,ON,ON,ON,ON,ON,ON,ON,ON,ON,ON,ON,ON,ON,ON,ON,ON,ON,ON,ON,,100.0%,
23,ARG Sota,,ON,ON,ON,ON,ON,ON,ON,ON,ON,ON,ON,ON,ON,ON,ON,ON,ON,ON,ON,ON,ON,ON,ON,ON,ON,ON,ON,ON,ON,ON,,100.0%,
24,ARG Kimaam,,ON,ON,ON,ON,ON,ON,ON,ON,ON,ON,ON,ON,ON,ON,ON,ON,ON,ON,ON,ON,ON,ON,ON,ON,ON,ON,ON,ON,ON,ON,,100.0%,
25,ARG Ayamaru,Staklim Papua Barat,ON,ON,ON,ON,ON,ON,ON,ON,ON,ON,ON,ON,ON,ON,ON,ON,ON,ON,ON,ON,ON,ON,ON,ON,ON,ON,ON,ON,ON,ON,,100.0%,
26,ARG Manimere,,ON,ON,ON,ON,ON,ON,ON,ON,ON,ON,ON,ON,ON,ON,ON,ON,ON,ON,ON,ON,ON,ON,ON,ON,ON,ON,ON,ON,ON,ON,,100.0%,
27,ARG Waisai,,ON,ON,ON,ON,ON,ON,ON,ON,ON,ON,ON,ON,ON,ON,ON,ON,ON,ON,ON,ON,ON,ON,ON,ON,ON,ON,ON,ON,ON,ON,,100.0%,
28,ARG Moswaren,,ON,ON,ON,ON,ON,ON,ON,ON,ON,ON,ON,ON,ON,ON,ON,ON,ON,ON,ON,ON,ON,ON,ON,ON,ON,ON,ON,ON,ON,ON,,100.0%,
29,ARG Senopi,,OFF,OFF,OFF,OFF,OFF,OFF,OFF,OFF,OFF,OFF,OFF,OFF,OFF,OFF,OFF,OFF,OFF,OFF,OFF,OFF,OFF,OFF,OFF,OFF,OFF,OFF,OFF,OFF,OFF,OFF,,0.0%,Perlu penggantian modem baru
30,ARG Stageof Sorong,,ON,ON,ON,ON,ON,ON,ON,ON,ON,ON,ON,ON,ON,ON,ON,ON,ON,ON,ON,ON,ON,ON,ON,ON,ON,ON,ON,ON,ON,ON,,100.0%,
31,ARG Suteibey,,ON,ON,ON,ON,ON,ON,ON,ON,ON,ON,ON,ON,ON,ON,ON,ON,ON,ON,ON,ON,ON,ON,ON,ON,ON,ON,ON,ON,ON,ON,,100.0%,
32,ARG UNIPA Amban,,ON,ON,ON,ON,ON,ON,ON,ON,ON,ON,ON,ON,ON,ON,ON,ON,ON,ON,ON,ON,ON,ON,ON,ON,ON,ON,ON,ON,ON,ON,,100.0%,
33,ARG Kaimana,,ON,ON,ON,ON,ON,ON,ON,ON,ON,ON,ON,ON,ON,ON,ON,ON,ON,ON,ON,ON,ON,ON,ON,ON,ON,ON,ON,ON,ON,ON,,100.0%,
TOTAL PERESENTASE BULANAN,,,,,,,,,,,,,,,,,,,,,,,,,,,,,,,,,,86.9%,
,,,,,,,,,,,,,,,,,,,,,,,,,,,,,,,,,,,
OPERATIONAL LEVEL AGREEMENT (OLA) MONITORING DATA ARG,,,,,,,,,,,,,,,,,,,,,,,,,,,,,,,,,,,
BULAN SEPTEMBER 2026,,,,,,,,,,,,,,,,,,,,,,,,,,,,,,,,,,,
,,,,,,,,,,,,,,,,,,,,,,,,,,,,,,,,,,,
No,Merk,Stasiun / PIC,Status,,,,,,,,,,,,,,,,,,,,,,,,,,,,,,,Persentase Aktif (%),KETERANGAN / PERMASALAHAN / MITIGASI
,,,1,2,3,4,5,6,7,8,9,10,11,12,13,14,15,16,17,18,19,20,21,22,23,24,25,26,27,28,29,30,,,
1,ARG Arso,Staklim Papua,98%,86%,98%,100%,99%,98%,100%,99%,100%,100%,100%,99%,100%,100%,100%,100%,100%,100%,100%,99%,100%,100%,100%,100%,100%,100%,100%,100%,100%,100%,,99.2%,
2,ARG Arso 2,,100%,97%,97%,100%,100%,100%,100%,100%,100%,100%,100%,100%,100%,100%,100%,52%,0%,0%,0%,0%,0%,0%,0%,0%,0%,0%,0%,0%,0%,0%,,51.5%,
3,ARG Benyom Jaya,,100%,100%,100%,100%,100%,99%,100%,100%,100%,100%,100%,100%,100%,100%,100%,100%,100%,100%,100%,100%,100%,100%,100%,100%,100%,100%,100%,100%,100%,100%,,100.0%,
4,ARG Biak Barat,,0%,0%,0%,0%,0%,0%,0%,0%,0%,0%,0%,0%,0%,0%,0%,0%,0%,0%,0%,0%,0%,0%,0%,0%,0%,0%,0%,0%,0%,0%,,0.0%,Terdapat kendala pada modem
5,ARG Bonggo,,100%,100%,99%,100%,100%,100%,100%,84%,100%,100%,100%,100%,100%,100%,99%,100%,100%,100%,100%,100%,100%,100%,100%,100%,100%,100%,100%,100%,100%,100%,,99.4%,
6,ARG Dok II,,100%,100%,100%,100%,100%,100%,99%,100%,100%,100%,100%,100%,100%,100%,100%,99%,100%,100%,100%,100%,100%,100%,100%,100%,100%,100%,100%,100%,100%,100%,,99.9%,
7,ARG Kaoreh,,100%,100%,100%,100%,99%,100%,100%,100%,100%,100%,100%,100%,100%,99%,100%,100%,100%,100%,100%,100%,100%,100%,100%,100%,100%,100%,100%,100%,100%,100%,,99.9%,
8,ARG Karya Bumi,,100%,100%,100%,100%,100%,100%,100%,100%,100%,100%,100%,100%,100%,100%,100%,100%,100%,100%,100%,100%,100%,100%,100%,100%,100%,100%,100%,100%,100%,100%,,100.0%,
9,ARG KORAMIL Senggi,,100%,100%,100%,98%,100%,100%,99%,100%,99%,98%,98%,100%,100%,100%,99%,99%,99%,99%,100%,99%,100%,100%,100%,100%,100%,100%,100%,100%,100%,100%,,99.6%,
10,ARG Sarmi selatan,,100%,100%,98%,100%,99%,100%,100%,97%,100%,100%,100%,100%,100%,100%,100%,100%,100%,97%,100%,100%,100%,100%,100%,100%,100%,100%,100%,100%,100%,100%,,99.7%,
11,ARG Serui,,0%,0%,0%,0%,0%,0%,0%,0%,0%,0%,0%,0%,0%,0%,0%,0%,0%,0%,0%,0%,0%,0%,0%,0%,0%,0%,0%,0%,0%,0%,,0.0%,terdapat kendala pada data logger
12,ARG Betaf,,100%,100%,100%,100%,100%,100%,100%,100%,100%,100%,100%,100%,100%,100%,100%,100%,99%,100%,100%,100%,100%,100%,100%,100%,100%,100%,100%,100%,100%,100%,,100.0%,
13,ARG Heram,,100%,100%,100%,99%,100%,100%,100%,99%,100%,100%,100%,100%,100%,100%,100%,100%,100%,100%,100%,100%,100%,100%,100%,100%,100%,100%,100%,100%,100%,100%,,99.9%,
14,ARG Waris,,100%,100%,100%,100%,99%,7%,77%,8%,0%,61%,2%,64%,90%,100%,100%,100%,100%,99%,100%,100%,100%,100%,100%,100%,100%,100%,100%,100%,100%,100%,,83.6%,
15,ARG Agats,Staklim Papua Selatan,100%,100%,100%,100%,100%,100%,100%,100%,100%,100%,100%,100%,100%,100%,100%,100%,100%,100%,100%,100%,100%,100%,100%,100%,100%,100%,100%,100%,100%,100%,,100.0%,
16,ARG Atsj,,99%,100%,100%,98%,100%,100%,100%,100%,100%,97%,100%,99%,100%,97%,99%,99%,100%,98%,100%,99%,100%,97%,99%,97%,99%,99%,98%,95%,98%,95%,,98.7%,
17,ARG BP3K Kurik,,100%,100%,100%,99%,88%,100%,99%,100%,100%,99%,100%,99%,100%,100%,100%,100%,100%,100%,100%,100%,100%,100%,100%,100%,100%,100%,100%,100%,100%,100%,,99.5%,
18,ARG BP3K Wasur,,100%,100%,100%,100%,100%,100%,100%,100%,100%,100%,100%,100%,100%,100%,100%,100%,100%,100%,100%,100%,100%,100%,100%,100%,100%,100%,100%,100%,100%,100%,,100.0%,
19,ARG Kuala Kencana,,100%,100%,100%,100%,85%,92%,100%,100%,100%,100%,100%,100%,100%,100%,100%,100%,100%,100%,100%,100%,100%,100%,100%,100%,100%,53%,0%,0%,85%,100%,,90.5%,
20,ARG Ngguti Bob,,0%,70%,0%,0%,0%,3%,50%,100%,40%,29%,0%,0%,0%,0%,31%,22%,0%,0%,0%,0%,0%,87%,100%,100%,100%,100%,48%,0%,0%,0%,,29.3%,Kendala pada modem
21,ARG SMPK Semangga,,100%,100%,100%,100%,98%,100%,100%,100%,100%,100%,100%,100%,100%,100%,100%,100%,100%,100%,100%,100%,100%,100%,100%,100%,100%,100%,100%,100%,100%,100%,,99.9%,
22,ARG Tanah Merah,,97%,100%,100%,100%,100%,100%,100%,100%,100%,100%,100%,100%,100%,100%,100%,100%,100%,100%,100%,84%,95%,100%,100%,100%,100%,97%,100%,100%,100%,100%,,99.1%,
23,ARG Sota,,100%,100%,100%,100%,100%,100%,100%,100%,100%,100%,100%,100%,100%,100%,100%,100%,100%,100%,100%,100%,100%,100%,100%,100%,100%,100%,100%,100%,100%,100%,,100.0%,
24,ARG Kimaam,,100%,100%,100%,100%,100%,100%,100%,100%,100%,100%,100%,100%,100%,100%,100%,100%,100%,100%,100%,100%,100%,100%,100%,100%,100%,100%,100%,100%,100%,100%,,100.0%,
25,ARG Ayamaru, Staklim Papua Barat,100%,100%,100%,100%,100%,100%,100%,100%,100%,100%,100%,100%,100%,100%,100%,100%,100%,100%,100%,100%,100%,100%,100%,100%,100%,100%,100%,100%,100%,100%,,100.0%,
26,ARG Manimere,,61%,92%,71%,100%,100%,77%,86%,80%,78%,59%,59%,37%,88%,100%,92%,100%,58%,97%,100%,100%,93%,100%,100%,100%,75%,100%,100%,100%,100%,100%,,86.8%,
27,ARG Waisai,,100%,100%,100%,100%,100%,100%,100%,100%,100%,100%,100%,100%,100%,100%,100%,100%,100%,100%,100%,100%,100%,100%,100%,100%,100%,100%,100%,100%,100%,100%,,100.0%,
28,ARG Moswaren,,100%,100%,100%,100%,100%,100%,100%,100%,100%,99%,99%,100%,99%,100%,100%,100%,100%,100%,100%,100%,100%,100%,100%,100%,100%,100%,100%,35%,6%,100%,,94.6%,
29,ARG Senopi,,0%,0%,0%,0%,0%,0%,0%,0%,0%,0%,0%,0%,0%,0%,0%,0%,0%,0%,0%,0%,0%,0%,0%,0%,0%,0%,0%,0%,0%,0%,,0.0%,Perlu penggantian modem baru
30,ARG Stageof Sorong,,100%,100%,100%,100%,100%,100%,100%,100%,100%,100%,100%,100%,100%,100%,100%,100%,100%,100%,100%,100%,100%,100%,100%,100%,100%,100%,100%,100%,100%,100%,,100.0%,
31,ARG Suteibey,,100%,100%,100%,100%,100%,100%,100%,100%,100%,100%,100%,100%,100%,100%,100%,100%,100%,100%,100%,100%,100%,100%,100%,100%,100%,100%,100%,100%,100%,100%,,100.0%,
32,ARG UNIPA Amban,,100%,100%,100%,100%,100%,100%,100%,100%,100%,100%,100%,100%,100%,100%,100%,99%,100%,100%,100%,100%,99%,100%,100%,100%,100%,100%,100%,100%,100%,100%,,99.9%,
33,ARG Kaimana,,100%,100%,100%,100%,100%,100%,100%,100%,100%,100%,100%,100%,100%,100%,100%,100%,100%,100%,100%,100%,100%,100%,100%,99%,100%,100%,100%,100%,100%,100%,,100.0%,
TOTAL PERSENTASE BULANAN,,,,,,,,,,,,,,,,,,,,,,,,,,,,,,,,,,85.3%,
,,,,,,,,,,,,,,,,,,,,,,,,,,,,,,,,,,,
,,,,,,,,,,,,,,,,,,,,,,,,,,,,,,,,,,,
SERVICE LEVEL AGREEMENT ( SLA ) MONITORING DATA  ARG,,,,,,,,,,,,,,,,,,,,,,,,,,,,,,,,,,,
BULAN NOVEMBER 2026,,,,,,,,,,,,,,,,,,,,,,,,,,,,,,,,,,,
,,,,,,,,,,,,,,,,,,,,,,,,,,,,,,,,,,,
No,Merk,Stasiun / PIC,Status,,,,,,,,,,,,,,,,,,,,,,,,,,,,,,,Persentase Aktif (%),KETERANGAN / PERMASALAHAN / MITIGASI
,,,1,2,3,4,5,6,7,8,9,10,11,12,13,14,15,16,17,18,19,20,21,22,23,24,25,26,27,28,29,30,-,,
1,ARG Arso,Staklim Papua,,,,,,,,,,,,,,,,,,,,,,,,,,,,,,,,0.0%,
2,ARG Arso 2,,,,,,,,,,,,,,,,,,,,,,,,,,,,,,,,,0.0%,
3,ARG Benyom Jaya,,,,,,,,,,,,,,,,,,,,,,,,,,,,,,,,,0.0%,
4,ARG Biak Barat,,,,,,,,,,,,,,,,,,,,,,,,,,,,,,,,,0.0%,
5,ARG Bonggo,,,,,,,,,,,,,,,,,,,,,,,,,,,,,,,,,0.0%,
6,ARG Dok II,,,,,,,,,,,,,,,,,,,,,,,,,,,,,,,,,0.0%,
7,ARG Kaoreh,,,,,,,,,,,,,,,,,,,,,,,,,,,,,,,,,0.0%,
8,ARG Karya Bumi,,,,,,,,,,,,,,,,,,,,,,,,,,,,,,,,,0.0%,
9,ARG KORAMIL Senggi,,,,,,,,,,,,,,,,,,,,,,,,,,,,,,,,,0.0%,
10,ARG Sarmi selatan,,,,,,,,,,,,,,,,,,,,,,,,,,,,,,,,,0.0%,
11,ARG Serui,,,,,,,,,,,,,,,,,,,,,,,,,,,,,,,,,0.0%,
12,ARG Betaf,,,,,,,,,,,,,,,,,,,,,,,,,,,,,,,,,0.0%,
13,ARG Heram,,,,,,,,,,,,,,,,,,,,,,,,,,,,,,,,,0.0%,
14,ARG Waris,,,,,,,,,,,,,,,,,,,,,,,,,,,,,,,,,0.0%,
15,ARG Agats,Staklim Papua Selatan,,,,,,,,,,,,,,,,,,,,,,,,,,,,,,,,0.0%,
16,ARG Atsj,,,,,,,,,,,,,,,,,,,,,,,,,,,,,,,,,0.0%,
17,ARG BP3K Kurik,,,,,,,,,,,,,,,,,,,,,,,,,,,,,,,,,0.0%,
18,ARG BP3K Wasur,,,,,,,,,,,,,,,,,,,,,,,,,,,,,,,,,0.0%,
19,ARG Kuala Kencana,,,,,,,,,,,,,,,,,,,,,,,,,,,,,,,,,0.0%,
20,ARG Ngguti Bob,,,,,,,,,,,,,,,,,,,,,,,,,,,,,,,,,0.0%,
21,ARG SMPK Semangga,,,,,,,,,,,,,,,,,,,,,,,,,,,,,,,,,0.0%,
22,ARG Tanah Merah,,,,,,,,,,,,,,,,,,,,,,,,,,,,,,,,,0.0%,
23,ARG Sota,,,,,,,,,,,,,,,,,,,,,,,,,,,,,,,,,0.0%,
24,ARG Kimaam,,,,,,,,,,,,,,,,,,,,,,,,,,,,,,,,,0.0%,
25,ARG Ayamaru,Staklim Papua Barat,,,,,,,,,,,,,,,,,,,,,,,,,,,,,,,,0.0%,
26,ARG Manimere,,,,,,,,,,,,,,,,,,,,,,,,,,,,,,,,,0.0%,
27,ARG Manokwari SP7,,,,,,,,,,,,,,,,,,,,,,,,,,,,,,,,,0.0%,
28,ARG Moswaren,,,,,,,,,,,,,,,,,,,,,,,,,,,,,,,,,0.0%,
29,ARG Senopi,,,,,,,,,,,,,,,,,,,,,,,,,,,,,,,,,0.0%,
30,ARG Stageof Sorong,,,,,,,,,,,,,,,,,,,,,,,,,,,,,,,,,0.0%,
31,ARG Suteibey,,,,,,,,,,,,,,,,,,,,,,,,,,,,,,,,,0.0%,
32,ARG UNIPA Amban,,,,,,,,,,,,,,,,,,,,,,,,,,,,,,,,,0.0%,
33,ARG Kaimana,,,,,,,,,,,,,,,,,,,,,,,,,,,,,,,,,0.0%,
TOTAL PERESENTASE BULANAN,,,,,,,,,,,,,,,,,,,,,,,,,,,,,,,,,,0.0%,
,,,,,,,,,,,,,,,,,,,,,,,,,,,,,,,,,,,
OPERATIONAL LEVEL AGREEMENT (OLA) MONITORING DATA ARG,,,,,,,,,,,,,,,,,,,,,,,,,,,,,,,,,,,
BULAN NOVEMBER 2026,,,,,,,,,,,,,,,,,,,,,,,,,,,,,,,,,,,
,,,,,,,,,,,,,,,,,,,,,,,,,,,,,,,,,,,
No,Merk,Stasiun / PIC,Status,,,,,,,,,,,,,,,,,,,,,,,,,,,,,,,Persentase Aktif (%),KETERANGAN / PERMASALAHAN / MITIGASI
,,,1,2,3,4,5,6,7,8,9,10,11,12,13,14,15,16,17,18,19,20,21,22,23,24,25,26,27,28,29,30,-,,
1,ARG Arso,Staklim Papua,,,,,,,,,,,,,,,,,,,,,,,,,,,,,,,,0.0%,
2,ARG Arso 2,,,,,,,,,,,,,,,,,,,,,,,,,,,,,,,,,0.0%,
3,ARG Benyom Jaya,,,,,,,,,,,,,,,,,,,,,,,,,,,,,,,,,0.0%,
4,ARG Biak Barat,,,,,,,,,,,,,,,,,,,,,,,,,,,,,,,,,0.0%,
5,ARG Bonggo,,,,,,,,,,,,,,,,,,,,,,,,,,,,,,,,,0.0%,
6,ARG Dok II,,,,,,,,,,,,,,,,,,,,,,,,,,,,,,,,,0.0%,
7,ARG Kaoreh,,,,,,,,,,,,,,,,,,,,,,,,,,,,,,,,,0.0%,
8,ARG Karya Bumi,,,,,,,,,,,,,,,,,,,,,,,,,,,,,,,,,0.0%,
9,ARG KORAMIL Senggi,,,,,,,,,,,,,,,,,,,,,,,,,,,,,,,,,0.0%,
10,ARG Sarmi selatan,,,,,,,,,,,,,,,,,,,,,,,,,,,,,,,,,0.0%,
11,ARG Serui,,,,,,,,,,,,,,,,,,,,,,,,,,,,,,,,,0.0%,
12,ARG Betaf,,,,,,,,,,,,,,,,,,,,,,,,,,,,,,,,,0.0%,
13,ARG Heram,,,,,,,,,,,,,,,,,,,,,,,,,,,,,,,,,0.0%,
14,ARG Waris,,,,,,,,,,,,,,,,,,,,,,,,,,,,,,,,,0.0%,
15,ARG Agats,Staklim Papua Selatan,,,,,,,,,,,,,,,,,,,,,,,,,,,,,,,,0.0%,
16,ARG Atsj,,,,,,,,,,,,,,,,,,,,,,,,,,,,,,,,,0.0%,
17,ARG BP3K Kurik,,,,,,,,,,,,,,,,,,,,,,,,,,,,,,,,,0.0%,
18,ARG BP3K Wasur,,,,,,,,,,,,,,,,,,,,,,,,,,,,,,,,,0.0%,
19,ARG Kuala Kencana,,,,,,,,,,,,,,,,,,,,,,,,,,,,,,,,,0.0%,
20,ARG Ngguti Bob,,,,,,,,,,,,,,,,,,,,,,,,,,,,,,,,,0.0%,
21,ARG SMPK Semangga,,,,,,,,,,,,,,,,,,,,,,,,,,,,,,,,,0.0%,
22,ARG Tanah Merah,,,,,,,,,,,,,,,,,,,,,,,,,,,,,,,,,0.0%,
23,ARG Sota,,,,,,,,,,,,,,,,,,,,,,,,,,,,,,,,,0.0%,
24,ARG Kimaam,,,,,,,,,,,,,,,,,,,,,,,,,,,,,,,,,0.0%,
25,ARG Ayamaru, Staklim Papua Barat,,,,,,,,,,,,,,,,,,,,,,,,,,,,,,,,0.0%,
26,ARG Manimere,,,,,,,,,,,,,,,,,,,,,,,,,,,,,,,,,0.0%,
27,ARG Manokwari,,,,,,,,,,,,,,,,,,,,,,,,,,,,,,,,,0.0%,
28,ARG Moswaren,,,,,,,,,,,,,,,,,,,,,,,,,,,,,,,,,0.0%,
29,ARG Senopi,,,,,,,,,,,,,,,,,,,,,,,,,,,,,,,,,0.0%,
30,ARG Stageof Sorong,,,,,,,,,,,,,,,,,,,,,,,,,,,,,,,,,0.0%,
31,ARG Suteibey,,,,,,,,,,,,,,,,,,,,,,,,,,,,,,,,,0.0%,
32,ARG UNIPA Amban,,,,,,,,,,,,,,,,,,,,,,,,,,,,,,,,,0.0%,
33,ARG Kaimana,,,,,,,,,,,,,,,,,,,,,,,,,,,,,,,,,0.0%,
TOTAL PERSENTASE BULANAN,,,,,,,,,,,,,,,,,,,,,,,,,,,,,,,,,,0.0%,
,,,,,,,,,,,,,,,,,,,,,,,,,,,,,,,,,,,
,,,,,,,,,,,,,,,,,,,,,,,,,,,,,,,,,,,
SERVICE LEVEL AGREEMENT ( SLA ) MONITORING DATA  ARG,,,,,,,,,,,,,,,,,,,,,,,,,,,,,,,,,,,
BULAN DESEMBER 2026,,,,,,,,,,,,,,,,,,,,,,,,,,,,,,,,,,,
,,,,,,,,,,,,,,,,,,,,,,,,,,,,,,,,,,,
No,Merk,Stasiun / PIC,Status,,,,,,,,,,,,,,,,,,,,,,,,,,,,,,,Persentase Aktif (%),KETERANGAN / PERMASALAHAN / MITIGASI
,,,1,2,3,4,5,6,7,8,9,10,11,12,13,14,15,16,17,18,19,20,21,22,23,24,25,26,27,28,29,30,31,,
1,ARG Arso,Staklim Papua,,,,,,,,,,,,,,,,,,,,,,,,,,,,,,,,0.0%,
2,ARG Arso 2,,,,,,,,,,,,,,,,,,,,,,,,,,,,,,,,,0.0%,
3,ARG Benyom Jaya,,,,,,,,,,,,,,,,,,,,,,,,,,,,,,,,,0.0%,
4,ARG Betaf,,,,,,,,,,,,,,,,,,,,,,,,,,,,,,,,,0.0%,
5,ARG Biak Barat,,,,,,,,,,,,,,,,,,,,,,,,,,,,,,,,,0.0%,
6,ARG Bonggo,,,,,,,,,,,,,,,,,,,,,,,,,,,,,,,,,0.0%,
7,ARG Dok II,,,,,,,,,,,,,,,,,,,,,,,,,,,,,,,,,0.0%,
8,ARG Heram,,,,,,,,,,,,,,,,,,,,,,,,,,,,,,,,,0.0%,
9,ARG Kaoreh,,,,,,,,,,,,,,,,,,,,,,,,,,,,,,,,,0.0%,
10,ARG Karya Bumi,,,,,,,,,,,,,,,,,,,,,,,,,,,,,,,,,0.0%,
11,ARG KORAMIL Senggi,,,,,,,,,,,,,,,,,,,,,,,,,,,,,,,,,0.0%,
12,ARG Sarmi selatan,,,,,,,,,,,,,,,,,,,,,,,,,,,,,,,,,0.0%,
13,ARG Serui,,,,,,,,,,,,,,,,,,,,,,,,,,,,,,,,,0.0%,
14,ARG Waris,,,,,,,,,,,,,,,,,,,,,,,,,,,,,,,,,0.0%,
15,ARG Agats,Staklim Papua Selatan,,,,,,,,,,,,,,,,,,,,,,,,,,,,,,,,0.0%,
16,ARG Atsj,,,,,,,,,,,,,,,,,,,,,,,,,,,,,,,,,0.0%,
17,ARG BP3K Kurik,,,,,,,,,,,,,,,,,,,,,,,,,,,,,,,,,0.0%,
18,ARG BP3K Wasur,,,,,,,,,,,,,,,,,,,,,,,,,,,,,,,,,0.0%,
19,ARG Kuala Kencana,,,,,,,,,,,,,,,,,,,,,,,,,,,,,,,,,0.0%,
20,ARG Ngguti Bob,,,,,,,,,,,,,,,,,,,,,,,,,,,,,,,,,0.0%,
21,ARG SMPK Semangga,,,,,,,,,,,,,,,,,,,,,,,,,,,,,,,,,0.0%,
22,ARG Tanah Merah,,,,,,,,,,,,,,,,,,,,,,,,,,,,,,,,,0.0%,
23,ARG Sota,,,,,,,,,,,,,,,,,,,,,,,,,,,,,,,,,0.0%,
24,ARG Kimaam,,,,,,,,,,,,,,,,,,,,,,,,,,,,,,,,,0.0%,
25,ARG Ayamaru,Staklim Papua Barat,,,,,,,,,,,,,,,,,,,,,,,,,,,,,,,,0.0%,
26,ARG Manimere,,,,,,,,,,,,,,,,,,,,,,,,,,,,,,,,,0.0%,
27,ARG Manokwari,,,,,,,,,,,,,,,,,,,,,,,,,,,,,,,,,0.0%,
28,ARG Moswaren,,,,,,,,,,,,,,,,,,,,,,,,,,,,,,,,,0.0%,
29,ARG Senopi,,,,,,,,,,,,,,,,,,,,,,,,,,,,,,,,,0.0%,
30,ARG Stageof Sorong,,,,,,,,,,,,,,,,,,,,,,,,,,,,,,,,,0.0%,
31,ARG Suteibey,,,,,,,,,,,,,,,,,,,,,,,,,,,,,,,,,0.0%,
32,ARG UNIPA Amban,,,,,,,,,,,,,,,,,,,,,,,,,,,,,,,,,0.0%,
33,ARG Kaimana,,,,,,,,,,,,,,,,,,,,,,,,,,,,,,,,,0.0%,
TOTAL PERESENTASE BULANAN,,,,,,,,,,,,,,,,,,,,,,,,,,,,,,,,,,0.0%,
,,,,,,,,,,,,,,,,,,,,,,,,,,,,,,,,,,,
OPERATIONAL LEVEL AGREEMENT (OLA) MONITORING DATA ARG,,,,,,,,,,,,,,,,,,,,,,,,,,,,,,,,,,,
BULAN DESEMBER 2026,,,,,,,,,,,,,,,,,,,,,,,,,,,,,,,,,,,
,,,,,,,,,,,,,,,,,,,,,,,,,,,,,,,,,,,
No,Merk,Stasiun / PIC,Status,,,,,,,,,,,,,,,,,,,,,,,,,,,,,,,Persentase Aktif (%),KETERANGAN / PERMASALAHAN / MITIGASI
,,,1,2,3,4,5,6,7,8,9,10,11,12,13,14,15,16,17,18,19,20,21,22,23,24,25,26,27,28,29,30,31,,
1,ARG Arso,Staklim Papua,,,,,,,,,,,,,,,,,,,,,,,,,,,,,,,,0.0%,
2,ARG Arso 2,,,,,,,,,,,,,,,,,,,,,,,,,,,,,,,,,0.0%,
3,ARG Benyom Jaya,,,,,,,,,,,,,,,,,,,,,,,,,,,,,,,,,0.0%,
4,ARG Betaf,,,,,,,,,,,,,,,,,,,,,,,,,,,,,,,,,0.0%,
5,ARG Biak Barat,,,,,,,,,,,,,,,,,,,,,,,,,,,,,,,,,0.0%,
6,ARG Bonggo,,,,,,,,,,,,,,,,,,,,,,,,,,,,,,,,,0.0%,
7,ARG Dok II,,,,,,,,,,,,,,,,,,,,,,,,,,,,,,,,,0.0%,
8,ARG Heram,,,,,,,,,,,,,,,,,,,,,,,,,,,,,,,,,0.0%,
9,ARG Kaoreh,,,,,,,,,,,,,,,,,,,,,,,,,,,,,,,,,0.0%,
10,ARG Karya Bumi,,,,,,,,,,,,,,,,,,,,,,,,,,,,,,,,,0.0%,
11,ARG KORAMIL Senggi,,,,,,,,,,,,,,,,,,,,,,,,,,,,,,,,,0.0%,
12,ARG Sarmi selatan,,,,,,,,,,,,,,,,,,,,,,,,,,,,,,,,,0.0%,
13,ARG Serui,,,,,,,,,,,,,,,,,,,,,,,,,,,,,,,,,0.0%,
14,ARG Waris,,,,,,,,,,,,,,,,,,,,,,,,,,,,,,,,,0.0%,
15,ARG Agats,Staklim Papua Selatan,,,,,,,,,,,,,,,,,,,,,,,,,,,,,,,,0.0%,
16,ARG Atsj,,,,,,,,,,,,,,,,,,,,,,,,,,,,,,,,,0.0%,
17,ARG BP3K Kurik,,,,,,,,,,,,,,,,,,,,,,,,,,,,,,,,,0.0%,
18,ARG BP3K Wasur,,,,,,,,,,,,,,,,,,,,,,,,,,,,,,,,,0.0%,
19,ARG Kuala Kencana,,,,,,,,,,,,,,,,,,,,,,,,,,,,,,,,,0.0%,
20,ARG Ngguti Bob,,,,,,,,,,,,,,,,,,,,,,,,,,,,,,,,,0.0%,
21,ARG SMPK Semangga,,,,,,,,,,,,,,,,,,,,,,,,,,,,,,,,,0.0%,
22,ARG Tanah Merah,,,,,,,,,,,,,,,,,,,,,,,,,,,,,,,,,0.0%,
23,ARG Sota,,,,,,,,,,,,,,,,,,,,,,,,,,,,,,,,,0.0%,
24,ARG Kimaam,,,,,,,,,,,,,,,,,,,,,,,,,,,,,,,,,0.0%,
25,ARG Ayamaru, Staklim Papua Barat,,,,,,,,,,,,,,,,,,,,,,,,,,,,,,,,0.0%,
26,ARG Manimere,,,,,,,,,,,,,,,,,,,,,,,,,,,,,,,,,0.0%,
27,ARG Manokwari,,,,,,,,,,,,,,,,,,,,,,,,,,,,,,,,,0.0%,
28,ARG Moswaren,,,,,,,,,,,,,,,,,,,,,,,,,,,,,,,,,0.0%,
29,ARG Senopi,,,,,,,,,,,,,,,,,,,,,,,,,,,,,,,,,0.0%,
30,ARG Stageof Sorong,,,,,,,,,,,,,,,,,,,,,,,,,,,,,,,,,0.0%,
31,ARG Suteibey,,,,,,,,,,,,,,,,,,,,,,,,,,,,,,,,,0.0%,
32,ARG UNIPA Amban,,,,,,,,,,,,,,,,,,,,,,,,,,,,,,,,,0.0%,
33,ARG Kaimana,,,,,,,,,,,,,,,,,,,,,,,,,,,,,,,,,0.0%,
TOTAL PERSENTASE BULANAN,,,,,,,,,,,,,,,,,,,,,,,,,,,,,,,,,,0.0%,