SERVICE LEVEL AGREEMENT ( SLA ) MONITORING DATA  AWS,,,,,,,,,,,,,,,,,,,,,,,,,,,,,,,,,,,,
BULAN JANUARI 2026,,,,,,,,,,,,,,,,,,,,,,,,,,,,,,,,,,,,
,,,,,,,,,,,,,,,,,,,,,,,,,,,,,,,,,,,,
No,Merk,Stasiun / PIC,Status,,,,,,,,,,,,,,,,,,,,,,,,,,,,,,,Persentase Aktif (%),KETERANGAN / PERMASALAHAN / MITIGASI,
,,,1,2,3,4,5,6,7,8,9,10,11,12,13,14,15,16,17,18,19,20,21,22,23,24,25,26,27,28,29,30,31,,,
1,AWS Rekayasa Balai V,Staklim Papua,ON,ON,ON,ON,ON,ON,ON,ON,ON,ON,ON,ON,ON,ON,ON,ON,ON,ON,ON,ON,ON,ON,ON,ON,ON,ON,ON,ON,ON,ON,ON,100.0%,,
2,AWS Nimboran Staklim Papua,,ON,ON,ON,ON,ON,ON,ON,ON,ON,ON,ON,ON,ON,ON,ON,ON,ON,ON,ON,ON,ON,ON,ON,ON,ON,ON,ON,ON,ON,ON,ON,100.0%,,
3,AWS  Rekayasa Arso,,ON,OFF,OFF,OFF,OFF,OFF,ON,ON,ON,ON,ON,ON,OFF,OFF,OFF,ON,ON,ON,ON,ON,ON,ON,ON,ON,ON,ON,ON,ON,ON,ON,ON,74.2%,terdampak migrasi kartu m2m dari pusjarkom,
4,AWS Supiori Timur,,ON,ON,ON,ON,ON,ON,ON,ON,ON,ON,ON,ON,ON,ON,ON,ON,ON,ON,ON,ON,ON,ON,ON,ON,ON,ON,ON,ON,ON,ON,ON,100.0%,,
5,AWS Rekayasa Skouw.,,ON,ON,ON,ON,ON,ON,ON,ON,ON,ON,ON,ON,ON,ON,ON,ON,ON,ON,ON,ON,ON,ON,ON,ON,ON,ON,ON,ON,ON,ON,ON,100.0%,,
6,AWS IKRO Staklim Papua,,ON,ON,ON,ON,ON,ON,ON,ON,ON,ON,ON,ON,ON,ON,ON,ON,ON,ON,ON,ON,ON,ON,ON,ON,ON,ON,ON,ON,ON,ON,ON,100.0%,,
7,AAWS Koya Barat,,ON,ON,ON,ON,ON,ON,ON,ON,ON,ON,ON,ON,ON,ON,ON,ON,ON,ON,ON,ON,ON,ON,ON,ON,ON,ON,ON,ON,ON,ON,ON,100.0%,,
8,AWS GAW Vihara Klademark,Staklim Papua Barat,ON,ON,ON,ON,ON,ON,ON,ON,ON,ON,ON,ON,ON,ON,ON,ON,ON,ON,ON,ON,ON,ON,ON,ON,ON,ON,ON,ON,ON,ON,ON,100.0%,,
9,AWS Manokwari Selatan Rekayasa,,ON,ON,ON,ON,ON,ON,ON,ON,ON,ON,ON,ON,ON,ON,ON,ON,ON,ON,ON,ON,ON,ON,ON,ON,ON,ON,ON,ON,ON,ON,ON,100.0%,,
10,AWS Staklim Papua Barat,,ON,ON,ON,ON,ON,ON,ON,ON,ON,ON,ON,ON,ON,ON,ON,ON,ON,ON,ON,ON,ON,ON,ON,ON,ON,ON,ON,ON,ON,ON,ON,100.0%,,
11,AWS IKRO Staklim Papua Barat,,ON,ON,ON,ON,ON,ON,ON,ON,ON,ON,ON,ON,ON,ON,ON,ON,ON,ON,ON,ON,ON,ON,ON,ON,ON,ON,ON,ON,ON,ON,ON,100.0%,,
12,AWS Raisei,,ON,ON,ON,ON,ON,ON,ON,ON,ON,ON,ON,ON,ON,ON,ON,ON,ON,ON,ON,ON,ON,ON,ON,ON,ON,ON,ON,ON,ON,ON,ON,100.0%,,
13,AWS Asiki,Staklim Papua Selatan,ON,ON,ON,ON,ON,ON,ON,ON,ON,ON,ON,ON,ON,ON,ON,ON,ON,ON,ON,ON,ON,ON,ON,ON,ON,ON,ON,ON,ON,ON,ON,100.0%,,
14,AAWS Staklim Tanah Miring,,ON,ON,ON,ON,ON,ON,ON,ON,ON,ON,ON,ON,ON,ON,ON,ON,OFF,OFF,ON,ON,ON,ON,ON,ON,ON,ON,ON,ON,ON,ON,ON,93.5%,,
15,AWS IKRO Staklim Tanah Miring,,ON,ON,ON,ON,ON,ON,ON,ON,ON,ON,ON,ON,ON,ON,ON,ON,ON,ON,ON,ON,ON,ON,ON,ON,ON,ON,ON,ON,ON,ON,ON,100.0%,,
16,AWS Digi Dok II.,Stamar Dok II,ON,ON,ON,ON,ON,ON,ON,ON,ON,ON,ON,ON,ON,ON,ON,ON,ON,ON,ON,ON,ON,ON,ON,ON,ON,ON,ON,ON,ON,ON,ON,100.0%,,
17,AWS Pelabuhan Jayapura,,ON,ON,ON,ON,ON,ON,ON,ON,ON,ON,ON,ON,ON,ON,ON,ON,ON,ON,ON,ON,ON,ON,ON,ON,ON,ON,ON,ON,ON,ON,ON,100.0%,,
18,AWS Stamet Enarotali,Stamet Enarotali,ON,ON,ON,ON,ON,ON,ON,ON,ON,ON,ON,ON,ON,ON,ON,ON,ON,ON,ON,ON,ON,ON,ON,ON,ON,ON,ON,ON,ON,ON,ON,100.0%,,
19,AWS Digi Stamet Enarotali,,ON,ON,ON,ON,ON,ON,ON,ON,ON,ON,ON,ON,ON,ON,ON,ON,ON,ON,ON,ON,ON,ON,ON,ON,ON,ON,ON,ON,ON,ON,ON,100.0%,,
20,AWS Degreane Stamet Manokwari ,Stamet Manokwari,ON,ON,ON,ON,ON,ON,ON,ON,ON,ON,ON,ON,ON,ON,ON,ON,ON,ON,ON,ON,ON,ON,ON,ON,ON,ON,ON,ON,ON,ON,ON,100.0%,Baterai bawaan AWS Teganganya Sudah Drop / Saat ini di Back up diganti Dengan 3 Baterai bukaan bawaan AWS yang dirangkai secara paralel./Perlu baterai yang baru,
21,AWS Rekayasa Stamet Manokwari,,ON,ON,ON,ON,ON,ON,ON,ON,ON,ON,ON,ON,ON,ON,ON,ON,ON,ON,ON,ON,ON,ON,ON,ON,ON,ON,ON,ON,ON,ON,ON,100.0%,,
22,AWS Digi Stamet Sorong,Stamet Sorong,ON,ON,ON,ON,ON,ON,ON,ON,ON,ON,ON,ON,ON,ON,ON,ON,ON,ON,ON,ON,ON,ON,ON,ON,ON,ON,ON,ON,ON,ON,ON,100.0%,,
23,AWS Mesonet (STR I) Kab. Sorong,,ON,ON,ON,ON,ON,ON,ON,ON,ON,ON,ON,ON,ON,ON,ON,ON,ON,ON,ON,ON,ON,ON,ON,ON,ON,ON,ON,ON,ON,ON,ON,100.0%,,
24,AWS Pelabuhan Sorong,,ON,ON,ON,ON,ON,ON,ON,ON,ON,ON,ON,ON,ON,ON,ON,ON,ON,ON,ON,ON,ON,ON,ON,ON,ON,ON,ON,ON,ON,ON,ON,100.0%,,
25,AWS Digi Stamet Nabire,Stamet Nabire,ON,ON,ON,ON,ON,ON,ON,ON,ON,ON,ON,ON,ON,ON,ON,ON,ON,ON,ON,ON,ON,ON,ON,ON,ON,ON,ON,ON,ON,ON,ON,100.0%,,
26,AWS Digi Stamet Biak,Stamet Biak,ON,ON,ON,ON,ON,ON,ON,ON,ON,ON,ON,ON,ON,ON,ON,ON,ON,ON,ON,ON,ON,ON,ON,ON,ON,ON,ON,ON,ON,ON,ON,100.0%,,
27,AWS Degrean (STR I ) Stamet Fakfak,Stamet Fak fak,ON,ON,ON,ON,ON,ON,ON,ON,ON,ON,ON,ON,ON,ON,ON,ON,ON,ON,ON,ON,ON,ON,ON,ON,ON,ON,ON,ON,ON,ON,ON,100.0%,,
28,AWS Degrean (STR I)Stamet Kaimana,Stamet Kaimana,ON,ON,ON,ON,ON,ON,ON,ON,ON,ON,ON,ON,ON,ON,ON,ON,ON,ON,ON,ON,ON,ON,ON,ON,ON,ON,ON,ON,ON,ON,ON,100.0%,,
29,AWS Digi Stamet Merauke,Stamet Merauke,ON,ON,ON,ON,ON,ON,ON,ON,ON,ON,ON,ON,ON,ON,ON,ON,ON,ON,ON,ON,ON,ON,ON,ON,ON,ON,ON,ON,ON,ON,ON,100.0%,,
30,AWS Degreane ( STR I ) Stamet Sarmi,Stamet Sarmi,ON,ON,ON,ON,ON,ON,ON,ON,ON,ON,ON,ON,ON,ON,ON,ON,ON,ON,ON,ON,ON,ON,ON,ON,ON,ON,ON,ON,ON,ON,ON,100.0%,"AWS menyala, tetapi tidak terhubung ke Display Cobalt",
31,AWS Digi Stamet Sentani,Stamet Sentani,ON,ON,ON,ON,ON,ON,ON,ON,ON,ON,ON,ON,ON,ON,ON,ON,ON,ON,ON,ON,ON,ON,ON,ON,ON,ON,ON,ON,ON,ON,ON,100.0%,,
32,AWS Rekayasa Stamet Serui,Stamet Serui,ON,ON,ON,ON,ON,ON,ON,ON,ON,ON,ON,ON,ON,ON,ON,ON,ON,ON,ON,ON,ON,ON,ON,ON,ON,ON,ON,ON,ON,ON,ON,100.0%,,
33,AWS Digi Stamet Timika,Stamet Timika,ON,ON,ON,ON,ON,ON,ON,ON,OFF,ON,OFF,OFF,ON,ON,ON,ON,ON,ON,ON,ON,ON,ON,ON,ON,ON,ON,ON,ON,ON,ON,ON,90.3%,"Tanggal 9 jan, Logger Error, indikasi terkena petir",
34,AWS  Degrean (STR I )Stamet Tanah Merah,Stamet Tanah Merah,ON,ON,ON,ON,ON,ON,ON,ON,ON,ON,ON,ON,ON,ON,ON,ON,ON,ON,ON,ON,ON,ON,ON,ON,ON,ON,ON,ON,ON,ON,ON,100.0%,rainfall recorder Error. nilai 0,
35,AWS Digi Wamena.,Stamet Wamena,ON,ON,ON,ON,ON,ON,ON,ON,ON,ON,ON,ON,ON,ON,ON,ON,ON,ON,ON,ON,ON,ON,ON,ON,ON,ON,ON,ON,ON,ON,ON,100.0%,,
TOTAL PERSENTASE BULANAN,,,,,,,,,,,,,,,,,,,,,,,,,,,,,,,,,,98.8%,,
,,,,,,,,,,,,,,,,,,,,,,,,,,,,,,,,,,,,
OPERATIONAL  LEVEL AGREEMENT ( OLA ) MONITORING DATA  AWS,,,,,,,,,,,,,,,,,,,,,,,,,,,,,,,,,,,,
BULAN JANUARI 2026,,,,,,,,,,,,,,,,,,,,,,,,,,,,,,,,,,,,
,,,,,,,,,,,,,,,,,,,,,,,,,,,,,,,,,,,,
No,Merk,Stasiun / PIC,Status,,,,,,,,,,,,,,,,,,,,,,,,,,,,,,,Persentase Aktif (%),KETERANGAN / PERMASALAHAN / MITIGASI,
,,,1,2,3,4,5,6,7,8,9,10,11,12,13,14,15,16,17,18,19,20,21,22,23,24,25,26,27,28,29,30,31,,,
1,AWS Rekayasa Balai V,Staklim Papua,99%,100%,100%,100%,100%,100%,100%,100%,100%,100%,94%,100%,100%,100%,100%,100%,100%,100%,100%,100%,80%,87%,100%,100%,100%,100%,100%,100%,100%,100%,100%,98.7%,,
2,AWS Nimboran Staklim Papua,,100%,100%,100%,100%,100%,100%,100%,100%,100%,100%,100%,100%,100%,100%,100%,100%,100%,100%,100%,100%,100%,100%,100%,100%,100%,100%,100%,100%,100%,100%,100%,100.0%,,
3,AWS  Rekayasa Arso,,39%,0%,0%,0%,0%,0%,63%,100%,100%,100%,100%,89%,0%,0%,0%,99%,100%,100%,100%,100%,65%,88%,100%,100%,100%,43%,2%,100%,100%,99%,100%,64.1%,Kartu m2m bermasalah. sudah kordinasi dgn PIC di pusjarkom,
4,AWS Supiori Timur,,100%,100%,100%,100%,95%,100%,100%,96%,100%,100%,100%,100%,100%,100%,100%,100%,100%,100%,39%,100%,100%,100%,99%,100%,100%,100%,100%,98%,100%,100%,97%,97.5%,,
5,AWS Rekayasa Skouw.,,99%,100%,100%,100%,100%,100%,100%,88%,100%,100%,100%,100%,100%,100%,99%,100%,100%,100%,100%,100%,77%,88%,100%,100%,100%,90%,100%,100%,100%,100%,100%,98.1%,,
6,AWS IKRO Staklim Papua,,100%,100%,100%,100%,100%,100%,100%,100%,100%,100%,100%,100%,97%,100%,100%,100%,100%,100%,99%,93%,55%,88%,100%,100%,100%,100%,100%,100%,99%,100%,100%,97.8%,,
7,AAWS Koya Barat,,100%,100%,100%,100%,100%,100%,100%,99%,100%,100%,100%,100%,100%,100%,100%,100%,100%,100%,100%,100%,67%,88%,100%,100%,100%,96%,100%,100%,100%,100%,100%,98.4%,,
8,AWS GAW Vihara Klademark,Staklim Papua Barat,99%,100%,100%,100%,100%,100%,100%,100%,100%,100%,100%,100%,100%,100%,100%,100%,100%,100%,100%,100%,73%,88%,100%,100%,99%,100%,100%,100%,99%,100%,100%,98.6%,,
9,AWS Manokwari Selatan Rekayasa,,99%,100%,100%,100%,100%,100%,100%,100%,100%,100%,100%,100%,100%,100%,100%,99%,100%,100%,100%,100%,65%,88%,100%,100%,100%,100%,100%,100%,100%,100%,100%,98.4%,,
10,AWS Staklim Papua Barat,,98%,100%,100%,100%,100%,100%,100%,100%,100%,100%,100%,100%,100%,100%,100%,100%,100%,98%,100%,100%,71%,88%,100%,100%,100%,100%,100%,100%,100%,100%,100%,98.5%,,
11,AWS IKRO Staklim Papua Barat,,50%,40%,49%,48%,50%,47%,46%,98%,89%,100%,100%,100%,100%,100%,100%,100%,100%,100%,67%,95%,99%,95%,100%,100%,100%,100%,100%,100%,100%,100%,77%,85.5%,,
12,AWS Raisei,,99%,100%,100%,100%,100%,100%,84%,72%,100%,100%,100%,100%,100%,100%,100%,100%,100%,100%,100%,100%,100%,100%,100%,100%,100%,100%,100%,100%,100%,100%,100%,98.5%,,
13,AWS Asiki,Staklim Papua Selatan,100%,100%,100%,100%,100%,100%,100%,100%,100%,95%,100%,100%,100%,100%,100%,100%,100%,99%,98%,94%,55%,87%,100%,100%,100%,100%,100%,99%,100%,100%,100%,97.6%,,
14,AAWS Staklim Tanah Miring,,100%,100%,100%,100%,100%,100%,100%,100%,63%,100%,100%,100%,100%,100%,100%,12%,0%,0%,77%,100%,100%,100%,100%,100%,100%,100%,100%,100%,100%,100%,100%,88.8%,,
15,AWS IKRO Staklim Tanah Miring,,93%,100%,97%,94%,99%,92%,100%,96%,76%,96%,94%,98%,94%,96%,100%,84%,26%,1%,35%,78%,94%,89%,86%,100%,100%,100%,100%,98%,100%,100%,97%,87.5%,,
16,AWS Digi Dok II.,Stamar Dok II,100%,100%,100%,100%,100%,100%,100%,100%,100%,100%,100%,100%,100%,100%,100%,100%,100%,100%,100%,100%,100%,100%,100%,100%,100%,100%,100%,100%,100%,100%,100%,100.0%,,
17,AWS Pelabuhan Jayapura,,100%,100%,100%,100%,100%,100%,100%,100%,100%,100%,100%,100%,100%,100%,100%,100%,100%,100%,100%,100%,100%,100%,100%,100%,100%,100%,100%,100%,100%,100%,100%,100.0%,,
18,AWS Stamet Enarotali,Stamet Enarotali,100%,100%,100%,100%,100%,100%,100%,100%,100%,100%,100%,100%,100%,100%,100%,100%,100%,100%,100%,100%,100%,100%,100%,100%,100%,100%,100%,100%,100%,100%,100%,100.0%,,
19,AWS Digi Stamet Enarotali,,100%,100%,100%,100%,100%,100%,100%,100%,100%,100%,100%,100%,100%,100%,100%,100%,100%,100%,100%,100%,100%,100%,100%,100%,100%,100%,100%,100%,100%,100%,100%,100.0%,,
20,AWS Degreane Stamet Manokwari ,Stamet Manokwari,96%,96%,96%,96%,96%,96%,96%,96%,96%,96%,96%,96%,96%,96%,96%,96%,96%,96%,96%,96%,96%,96%,96%,96%,96%,96%,96%,96%,96%,96%,96%,96.0%,Baterai bawaan AWS Teganganya Sudah Drop / Saat ini di Back up diganti Dengan 3 Baterai bukaan bawaan AWS yang dirangkai secara paralel./Perlu baterai yang baru,
21,AWS Rekayasa Stamet Manokwari,,100%,100%,100%,100%,100%,100%,100%,100%,100%,100%,100%,100%,100%,100%,100%,100%,100%,100%,100%,100%,100%,100%,100%,100%,100%,100%,100%,100%,100%,100%,100%,100.0%,,
22,AWS Digi Stamet Sorong,Stamet Sorong,97%,97%,97%,97%,97%,97%,97%,97%,97%,97%,97%,97%,97%,97%,97%,97%,97%,97%,97%,97%,97%,97%,97%,97%,97%,97%,97%,97%,97%,97%,97%,97.0%,Sensor hujan  error ketika hujan lebat,
23,AWS Mesonet (STR I) Kab. Sorong,,100%,100%,100%,100%,100%,100%,100%,100%,100%,100%,100%,100%,100%,100%,100%,100%,100%,100%,100%,100%,100%,100%,100%,100%,100%,100%,100%,100%,100%,100%,100%,100.0%,,
24,AWS Pelabuhan Sorong,,100%,100%,100%,100%,100%,100%,100%,100%,100%,100%,100%,100%,100%,100%,100%,100%,100%,100%,100%,100%,100%,100%,100%,100%,100%,100%,100%,100%,100%,100%,100%,100.0%,,
25,AWS Digi Stamet Nabire,Stamet Nabire,97%,97%,97%,97%,97%,97%,97%,97%,97%,97%,97%,97%,97%,97%,97%,97%,97%,97%,97%,97%,97%,97%,97%,97%,97%,97%,97%,97%,97%,97%,97%,97.0%,"Sensor Water Level dan Temp Error (Sensor WT sedang dalam perjalanan, Sensor WL masih menunggu ketersediaan suku cadang di Inskal Pusat)",
                                 ,AWS Digi Stamet Biak,Stamet Biak,100%,100%,100%,100%,100%,100%,100%,100%,100%,100%,100%,100%,85%,100%,100%,100%,100%,95%,100%,89%,100%,100%,100%,100%,100%,86%,100%,100%,100%,100%,100%,98.5%,"Server Off akibat PLN off, UPS tidak mampu back up",
27,AWS Degrean (STR I ) Stamet Fakfak,Stamet Fak fak,100%,100%,100%,100%,100%,100%,100%,100%,100%,100%,100%,100%,100%,100%,100%,100%,100%,100%,100%,100%,100%,100%,100%,100%,100%,100%,100%,100%,100%,100%,100%,100.0%,,
28,AWS Degrean (STR I)Stamet Kaimana,Stamet Kaimana,100%,100%,100%,100%,100%,100%,100%,100%,100%,100%,100%,100%,100%,100%,100%,100%,100%,100%,100%,100%,100%,100%,100%,100%,100%,100%,100%,100%,100%,100%,100%,100.0%,,
29,AWS Digi Stamet Merauke,Stamet Merauke,97%,97%,97%,97%,97%,97%,97%,97%,97%,97%,97%,97%,97%,97%,97%,97%,97%,97%,97%,97%,97%,97%,97%,97%,97%,97%,97%,97%,97%,97%,97%,97.0%,Sensor Water Level dan Temp Error,
30,AWS Degreane ( STR I ) Stamet Sarmi,Stamet Sarmi,90%,90%,90%,90%,90%,90%,90%,90%,90%,90%,75%,75%,75%,75%,75%,75%,75%,75%,75%,75%,75%,75%,75%,75%,75%,75%,75%,75%,75%,75%,75%,79.8%,"sensor hujan error, arg tipping bucket rusak, display untuk paramater suhu tanah tidak muncul, Tgl 10 Jan PC AWS ter-reset sehingga data logger tidak dapat terintegrasi system dan display",
31,AWS Digi Stamet Sentani,Stamet Sentani,100%,100%,100%,100%,100%,100%,100%,100%,100%,100%,100%,100%,100%,100%,100%,100%,100%,100%,100%,100%,100%,100%,100%,100%,100%,100%,100%,100%,100%,100%,100%,100.0%,,
32,AWS Rekayasa Stamet Serui,Stamet Serui,100%,100%,100%,100%,100%,100%,100%,100%,100%,100%,100%,100%,100%,100%,100%,100%,100%,100%,100%,100%,100%,100%,100%,100%,100%,100%,100%,100%,100%,100%,100%,100.0%,,
33,AWS Digi Stamet Timika,Stamet Timika,100%,100%,100%,100%,100%,100%,55%,55%,15%,55%,15%,15%,100%,100%,100%,100%,100%,100%,100%,100%,100%,100%,100%,100%,100%,100%,100%,100%,100%,100%,100%,87.4%,"Tgl 7 Jan, Indikasi terkena Petir sehingga, Sensor Suhu dan tekanan Udara mengalami Short(Rusak) sehingga mempengaruhi logger terkendala ( ON - OFF)",
34,AWS  Degrean (STR I )Stamet Tanah Merah,Stamet Tanah Merah,100%,100%,100%,100%,100%,100%,100%,100%,100%,100%,100%,100%,100%,100%,100%,100%,100%,100%,100%,100%,100%,100%,100%,100%,100%,100%,100%,100%,100%,100%,100%,100.0%,Sensor Rainfall recorder error pembacaan 0,
35,AWS Digi Wamena.,Stamet Wamena,100%,100%,100%,100%,100%,100%,100%,100%,100%,100%,100%,100%,100%,100%,100%,100%,100%,100%,100%,100%,100%,100%,100%,100%,100%,100%,100%,100%,100%,100%,100%,100%,,
TOTAL PERSENTASE BULANAN,,,,,,,,,,,,,,,,,,,,,,,,,,,,,,,,,,96.0%,,
,,,,,,,,,,,,,,,,,,,,,,,,,,,,,,,,,,,,
,,,,,,,,,,,,,,,,,,,,,,,,,,,,,,,,,,,,
SERVICE LEVEL AGREEMENT ( SLA ) MONITORING DATA  AWS,,,,,,,,,,,,,,,,,,,,,,,,,,,,,,,,,,,,
BULAN FEBRUARI 2026,,,,,,,,,,,,,,,,,,,,,,,,,,,,,,,,,,,,
,,,,,,,,,,,,,,,,,,,,,,,,,,,,,,,,,,,,
No,Merk,Stasiun / PIC,Status,,,,,,,,,,,,,,,,,,,,,,,,,,,,,,,Persentase Aktif (%),KETERANGAN / PERMASALAHAN / MITIGASI,
,,,1,2,3,4,5,6,7,8,9,10,11,12,13,14,15,16,17,18,19,20,21,22,23,24,25,26,27,28,-,-,-,,,
1,AWS Rekayasa Balai V,Staklim Papua,ON,ON,ON,ON,ON,ON,ON,ON,ON,ON,ON,ON,ON,ON,ON,ON,ON,ON,ON,ON,ON,ON,ON,ON,ON,ON,ON,ON,,,,100.0%,,
2,AWS Nimboran Staklim Papua,,ON,ON,ON,ON,ON,ON,ON,ON,ON,ON,ON,ON,ON,ON,ON,ON,ON,ON,ON,ON,ON,ON,ON,ON,ON,ON,ON,ON,,,,100.0%,,
3,AWS  Rekayasa Arso,,ON,ON,ON,ON,ON,ON,ON,ON,ON,ON,ON,ON,ON,ON,ON,ON,ON,ON,ON,ON,ON,ON,ON,ON,ON,ON,ON,ON,,,,100.0%,,
4,AWS Supiori Timur,,ON,ON,ON,ON,ON,ON,ON,ON,ON,ON,ON,ON,ON,ON,ON,ON,ON,ON,ON,ON,ON,ON,ON,ON,ON,ON,ON,ON,,,,100.0%,,
5,AWS Rekayasa Skouw.,,ON,ON,ON,ON,ON,ON,ON,ON,ON,ON,ON,ON,ON,ON,ON,ON,ON,ON,ON,ON,ON,ON,ON,ON,ON,ON,ON,ON,,,,100.0%,,
6,AWS IKRO Staklim Papua,,ON,ON,ON,ON,ON,ON,ON,ON,ON,ON,ON,ON,ON,ON,ON,ON,ON,ON,ON,ON,ON,OFF,ON,ON,ON,ON,ON,ON,,,,96.4%,Kabel Listrik Putus,
7,AAWS Koya Barat,,ON,ON,ON,ON,ON,ON,ON,ON,ON,ON,ON,ON,ON,ON,ON,ON,ON,ON,ON,ON,ON,ON,ON,ON,ON,ON,ON,ON,,,,100.0%,,
8,AWS GAW Vihara Klademark,Staklim Papua Barat,ON,ON,ON,ON,ON,ON,ON,ON,ON,ON,ON,ON,ON,ON,ON,ON,ON,ON,ON,ON,ON,ON,ON,ON,ON,ON,ON,ON,,,,100.0%,,
9,AWS Manokwari Selatan Rekayasa,,ON,ON,ON,ON,ON,ON,ON,ON,ON,ON,ON,ON,ON,ON,ON,ON,ON,ON,ON,ON,ON,ON,ON,ON,ON,ON,ON,ON,,,,100.0%,,
10,AWS Staklim Papua Barat,,ON,ON,ON,ON,ON,ON,ON,ON,ON,ON,ON,ON,ON,ON,ON,ON,ON,ON,ON,ON,ON,ON,ON,ON,ON,ON,OFF,ON,,,,96.4%,,
11,AWS IKRO Staklim Papua Barat,,ON,ON,ON,ON,ON,ON,ON,ON,ON,ON,ON,ON,ON,ON,ON,ON,ON,ON,ON,ON,ON,ON,ON,ON,ON,ON,ON,ON,,,,100.0%,,
12,AWS Raisei,,ON,ON,ON,ON,ON,ON,OFF,ON,ON,ON,ON,ON,ON,ON,ON,ON,ON,ON,ON,ON,ON,ON,ON,ON,ON,ON,ON,ON,,,,96.4%,,
13,AWS Asiki,Staklim Papua Selatan,ON,ON,ON,ON,ON,ON,ON,ON,ON,ON,ON,ON,ON,ON,ON,ON,ON,ON,ON,ON,ON,ON,ON,ON,ON,ON,ON,ON,,,,100.0%,,
14,AAWS Staklim Tanah Miring,,ON,ON,ON,ON,ON,ON,ON,ON,ON,ON,ON,ON,ON,ON,ON,ON,ON,ON,ON,ON,ON,ON,ON,ON,ON,ON,ON,ON,,,,100.0%,,
15,AWS IKRO Staklim Tanah Miring,,ON,ON,ON,ON,ON,ON,ON,ON,ON,ON,ON,ON,ON,ON,ON,ON,ON,ON,ON,ON,ON,ON,ON,ON,ON,ON,ON,ON,,,,100.0%,,
16,AWS Digi Dok II.,Stamar Dok II,ON,ON,ON,ON,ON,ON,ON,ON,ON,ON,ON,ON,ON,ON,ON,ON,ON,ON,ON,ON,ON,ON,ON,ON,ON,ON,ON,ON,,,,100.0%,,
17,AWS Pelabuhan Jayapura,,ON,ON,ON,ON,ON,ON,ON,ON,ON,ON,ON,ON,ON,ON,ON,ON,ON,ON,ON,ON,ON,ON,ON,ON,ON,ON,ON,ON,,,,100.0%,,
18,AWS Stamet Enarotali,Stamet Enarotali,ON,ON,ON,ON,ON,ON,ON,ON,ON,ON,ON,ON,ON,ON,ON,ON,ON,ON,ON,ON,ON,ON,ON,ON,ON,ON,ON,ON,,,,100.0%,,
19,AWS Digi Stamet Enarotali,,ON,ON,ON,ON,ON,ON,ON,ON,ON,ON,ON,ON,ON,ON,ON,ON,ON,ON,ON,ON,ON,ON,ON,ON,ON,ON,ON,ON,,,,100.0%,,
20,AWS Degreane Stamet Manokwari ,Stamet Manokwari,ON,ON,ON,ON,ON,ON,ON,ON,ON,ON,ON,ON,ON,ON,ON,ON,ON,ON,ON,ON,ON,ON,ON,ON,ON,ON,ON,ON,,,,100.0%,Baterai bawaan AWS Teganganya Sudah Drop / Saat ini di Back up diganti Dengan 3 Baterai bukaan bawaan AWS yang dirangkai secara paralel./Perlu baterai yang baru,
21,AWS Rekayasa Stamet Manokwari,,ON,ON,ON,ON,ON,ON,ON,ON,ON,ON,ON,ON,ON,ON,ON,ON,ON,ON,ON,ON,ON,ON,ON,ON,ON,ON,ON,ON,,,,100.0%,,
22,AWS Digi Stamet Sorong,Stamet Sorong,ON,ON,ON,ON,ON,ON,ON,ON,ON,ON,ON,ON,ON,ON,ON,ON,ON,ON,ON,ON,ON,ON,ON,ON,ON,ON,ON,ON,,,,100.0%,,
23,AWS Mesonet (STR I) Kab. Sorong,,ON,ON,ON,ON,ON,ON,ON,ON,ON,ON,ON,ON,ON,ON,ON,ON,ON,ON,ON,ON,ON,ON,ON,ON,ON,ON,ON,ON,,,,100.0%,,
24,AWS Pelabuhan Sorong,,ON,ON,ON,ON,ON,ON,ON,ON,ON,ON,ON,ON,ON,ON,ON,ON,ON,ON,ON,ON,ON,ON,ON,ON,ON,ON,ON,ON,,,,100.0%,,
25,AWS Digi Stamet Nabire,Stamet Nabire,ON,ON,ON,ON,ON,ON,ON,ON,ON,ON,ON,ON,ON,ON,ON,ON,ON,ON,ON,ON,ON,ON,ON,ON,ON,ON,ON,ON,,,,100.0%,,
26,AWS Digi Stamet Biak,Stamet Biak,ON,ON,ON,ON,ON,ON,ON,ON,ON,ON,ON,ON,ON,ON,ON,ON,ON,ON,ON,ON,ON,ON,ON,ON,ON,ON,ON,ON,,,,100.0%,,
27,AWS Degrean (STR I ) Stamet Fakfak,Stamet Fak fak,ON,ON,ON,ON,ON,ON,ON,ON,ON,ON,ON,ON,ON,ON,ON,ON,ON,ON,ON,ON,ON,ON,ON,ON,ON,ON,ON,ON,,,,100.0%,,
28,AWS Degrean (STR I)Stamet Kaimana,Stamet Kaimana,ON,ON,ON,ON,ON,ON,ON,ON,ON,ON,ON,ON,ON,ON,ON,ON,ON,ON,ON,ON,ON,ON,ON,ON,ON,ON,ON,ON,,,,100.0%,,
29,AWS Digi Stamet Merauke,Stamet Merauke,ON,ON,ON,ON,ON,ON,ON,ON,ON,ON,ON,ON,ON,ON,ON,ON,ON,ON,ON,ON,ON,ON,ON,ON,ON,ON,ON,ON,,,,100.0%,,
30,AWS Degreane ( STR I ) Stamet Sarmi,Stamet Sarmi,ON,ON,ON,ON,ON,ON,ON,ON,ON,ON,ON,ON,ON,ON,ON,ON,ON,ON,ON,ON,ON,ON,ON,ON,ON,ON,ON,ON,,,,100.0%,,
31,AWS Digi Stamet Sentani,Stamet Sentani,ON,ON,ON,ON,ON,ON,ON,ON,ON,ON,ON,ON,ON,ON,ON,ON,ON,ON,ON,ON,ON,ON,ON,ON,ON,ON,ON,ON,,,,100.0%,,
32,AWS Rekayasa Stamet Serui,Stamet Serui,ON,ON,ON,ON,ON,ON,ON,ON,ON,ON,ON,ON,ON,ON,ON,ON,ON,ON,ON,ON,ON,ON,ON,ON,ON,ON,ON,ON,,,,100.0%,,
33,AWS Digi Stamet Timika,Stamet Timika,ON,ON,ON,ON,ON,ON,ON,ON,ON,ON,ON,ON,ON,ON,ON,ON,ON,ON,ON,ON,ON,ON,ON,ON,ON,ON,ON,ON,,,,100.0%,,
34,AWS  Degrean (STR I )Stamet Tanah Merah,Stamet Tanah Merah,ON,ON,ON,ON,ON,ON,ON,ON,ON,ON,ON,ON,ON,ON,ON,ON,ON,ON,ON,ON,ON,ON,ON,ON,ON,ON,ON,ON,,,,100.0%,Sensor Rainfall recorder error pembacaan 0,
35,AWS Digi Wamena.,Stamet Wamena,ON,ON,ON,ON,ON,ON,ON,ON,ON,ON,ON,ON,ON,ON,ON,ON,ON,ON,ON,ON,ON,ON,ON,ON,ON,ON,ON,ON,,,,100.0%,,
TOTAL PERSENTASE BULANAN,,,,,,,,,,,,,,,,,,,,,,,,,,,,,,,,,,99.7%,,
,,,,,,,,,,,,,,,,,,,,,,,,,,,,,,,,,,,,
OPERATIONAL  LEVEL AGREEMENT ( OLA ) MONITORING DATA  AWS,,,,,,,,,,,,,,,,,,,,,,,,,,,,,,,,,,,,
BULAN FEBRUARI 2026,,,,,,,,,,,,,,,,,,,,,,,,,,,,,,,,,,,,
,,,,,,,,,,,,,,,,,,,,,,,,,,,,,,,,,,,,
No,Merk,Stasiun / PIC,Status,,,,,,,,,,,,,,,,,,,,,,,,,,,,,,,Persentase Aktif (%),KETERANGAN / PERMASALAHAN / MITIGASI,
,,,1,2,3,4,5,6,7,8,9,10,11,12,13,14,15,16,17,18,19,20,21,22,23,24,25,26,27,28,-,-,-,,,
1,AWS Rekayasa Balai V,Staklim Papua,99%,100%,100%,100%,100%,100%,100%,100%,100%,100%,100%,100%,100%,99%,100%,100%,100%,100%,100%,100%,100%,100%,100%,74%,100%,100%,100%,100%,,,,99.0%,,
2,AWS Nimboran Staklim Papua,,100%,100%,100%,100%,100%,100%,100%,100%,100%,99%,100%,100%,100%,100%,99%,100%,100%,96%,100%,100%,100%,100%,100%,74%,100%,100%,100%,100%,,,,98.9%,,
3,AWS  Rekayasa Arso,,99%,100%,100%,100%,100%,100%,100%,100%,100%,99%,99%,100%,100%,100%,100%,100%,100%,100%,100%,100%,100%,100%,100%,74%,100%,100%,100%,100%,,,,99.0%,,
4,AWS Supiori Timur,,100%,100%,100%,100%,86%,100%,100%,100%,99%,97%,99%,100%,100%,99%,100%,100%,79%,100%,100%,100%,100%,97%,100%,73%,100%,100%,97%,100%,,,,97.4%,,
5,AWS Rekayasa Skouw.,,99%,82%,99%,100%,86%,100%,100%,100%,100%,100%,100%,100%,100%,100%,100%,100%,100%,100%,99%,100%,100%,100%,100%,73%,100%,100%,100%,100%,,,,97.8%,,
6,AWS IKRO Staklim Papua,,100%,100%,97%,100%,100%,100%,100%,100%,100%,95%,100%,97%,100%,100%,100%,100%,100%,100%,100%,100%,20%,0%,8%,68%,100%,100%,99%,100%,,,,88.7%,"Gangguan kelistrikan, kabel putus.",
7,AAWS Koya Barat,,100%,100%,100%,100%,100%,100%,100%,100%,100%,100%,100%,100%,100%,100%,100%,100%,100%,100%,100%,100%,100%,100%,100%,100%,100%,100%,100%,100%,,,,100.0%,,
8,AWS GAW Vihara Klademark,Staklim Papua Barat,99%,100%,100%,99%,100%,100%,100%,100%,100%,99%,100%,100%,100%,100%,100%,100%,100%,100%,100%,100%,100%,100%,100%,74%,100%,100%,100%,100%,,,,99.0%,,
9,AWS Manokwari Selatan Rekayasa,,99%,100%,100%,100%,100%,100%,100%,100%,100%,100%,100%,100%,100%,100%,100%,100%,100%,100%,100%,100%,100%,100%,100%,74%,100%,100%,100%,100%,,,,99.0%,,
10,AWS Staklim Papua Barat,,99%,100%,100%,100%,100%,99%,98%,100%,100%,100%,100%,100%,100%,100%,100%,100%,100%,100%,100%,100%,100%,100%,100%,74%,99%,90%,0%,66%,,,,93.8%,,
11,AWS IKRO Staklim Papua Barat,,100%,100%,100%,100%,77%,100%,100%,100%,100%,100%,100%,100%,96%,100%,100%,100%,100%,100%,100%,100%,100%,100%,100%,73%,97%,100%,98%,81%,,,,97.2%,,
12,AWS Raisei,,99%,100%,100%,100%,100%,84%,0%,48%,100%,100%,100%,100%,100%,100%,100%,100%,100%,100%,100%,100%,100%,100%,100%,74%,100%,100%,100%,100%,,,,93.0%,,
13,AWS Asiki,Staklim Papua Selatan,100%,100%,100%,99%,100%,100%,100%,100%,100%,99%,100%,100%,100%,98%,100%,100%,100%,100%,100%,100%,100%,100%,100%,74%,100%,100%,100%,100%,,,,98.9%,,
14,AAWS Staklim Tanah Miring,,100%,100%,100%,100%,100%,100%,100%,100%,100%,100%,100%,100%,100%,100%,100%,100%,100%,100%,100%,100%,100%,100%,100%,100%,100%,100%,100%,100%,,,,100.0%,,
15,AWS IKRO Staklim Tanah Miring,,61%,99%,100%,100%,100%,100%,100%,100%,95%,100%,100%,97%,100%,100%,100%,100%,100%,100%,100%,100%,100%,97%,96%,73%,100%,100%,99%,100%,,,,97.0%,,
16,AWS Digi Dok II.,Stamar Dok II,100%,100%,100%,100%,100%,100%,100%,100%,100%,100%,100%,100%,100%,100%,100%,100%,100%,100%,100%,100%,100%,100%,100%,100%,100%,100%,100%,100%,,,,100.0%,,
17,AWS Pelabuhan Jayapura,,100%,100%,100%,100%,100%,100%,100%,100%,100%,100%,100%,100%,100%,100%,100%,100%,100%,100%,100%,100%,100%,100%,100%,100%,100%,100%,100%,100%,,,,100.0%,,
18,AWS Stamet Enarotali,Stamet Enarotali,100%,100%,100%,100%,100%,100%,100%,100%,100%,100%,100%,100%,100%,100%,100%,100%,100%,100%,100%,100%,100%,100%,100%,100%,100%,100%,100%,100%,,,,100.0%,,
19,AWS Digi Stamet Enarotali,,100%,100%,100%,100%,100%,100%,100%,100%,100%,100%,100%,100%,100%,100%,100%,100%,100%,100%,100%,97%,100%,100%,100%,100%,100%,100%,100%,100%,,,,99.9%,,
20,AWS Degreane Stamet Manokwari ,Stamet Manokwari,96%,96%,96%,96%,96%,96%,96%,96%,96%,96%,96%,96%,96%,96%,96%,96%,96%,96%,96%,96%,96%,96%,96%,96%,96%,96%,96%,96%,,,,96.0%,Baterai bawaan AWS Teganganya Sudah Drop / Saat ini di Back up diganti Dengan 3 Baterai bukaan bawaan AWS yang dirangkai secara paralel./Perlu baterai yang baru,
21,AWS Rekayasa Stamet Manokwari,,100%,100%,100%,100%,100%,100%,100%,100%,100%,100%,100%,100%,100%,100%,100%,100%,100%,100%,100%,100%,100%,100%,100%,100%,100%,100%,100%,100%,,,,100.0%,,
22,AWS Digi Stamet Sorong,Stamet Sorong,100%,100%,100%,100%,100%,100%,100%,100%,100%,100%,100%,100%,100%,100%,100%,100%,100%,100%,100%,100%,100%,100%,100%,100%,100%,100%,100%,100%,,,,100.0%,,
23,AWS Mesonet (STR I) Kab. Sorong,,100%,100%,100%,100%,100%,100%,100%,100%,100%,100%,100%,100%,100%,100%,100%,100%,100%,100%,100%,100%,100%,100%,100%,100%,100%,100%,100%,100%,,,,100.0%,,
24,AWS Pelabuhan Sorong,,100%,100%,100%,100%,100%,100%,100%,100%,100%,100%,100%,100%,100%,100%,100%,100%,100%,100%,100%,100%,100%,100%,100%,100%,100%,100%,100%,100%,,,,100.0%,,
25,AWS Digi Stamet Nabire,Stamet Nabire,97%,97%,97%,97%,97%,97%,97%,97%,97%,97%,97%,97%,97%,97%,97%,97%,97%,97%,97%,97%,97%,97%,97%,97%,97%,97%,97%,97%,,,,97.0%,"Sensor Water Level dan Temp Error (Sensor WT sedang dalam perjalanan, Sensor WL masih menunggu ketersediaan suku cadang di Inskal Pusat)",
26,AWS Digi Stamet Biak,Stamet Biak,100%,100%,100%,100%,100%,100%,100%,100%,100%,100%,100%,100%,100%,100%,100%,100%,96%,97%,100%,100%,100%,100%,100%,100%,100%,100%,96%,100%,,,,99.6%,,
27,AWS Degrean (STR I ) Stamet Fakfak,Stamet Fak fak,100%,100%,100%,100%,100%,100%,100%,100%,100%,100%,100%,100%,100%,100%,100%,100%,100%,100%,100%,100%,100%,100%,100%,100%,100%,100%,100%,100%,,,,100.0%,,
28,AWS Degrean (STR I)Stamet Kaimana,Stamet Kaimana,100%,100%,100%,100%,100%,100%,100%,100%,100%,100%,100%,100%,100%,100%,100%,100%,100%,100%,100%,100%,100%,100%,100%,100%,100%,100%,100%,100%,,,,100.0%,,
29,AWS Digi Stamet Merauke,Stamet Merauke,97%,97%,97%,97%,97%,97%,97%,97%,97%,97%,97%,97%,97%,97%,97%,97%,97%,97%,97%,97%,97%,97%,97%,97%,97%,97%,97%,97%,,,,97.0%,Sensor Water Level dan Temp Error,
30,AWS Degreane ( STR I ) Stamet Sarmi,Stamet Sarmi,75%,75%,75%,75%,75%,75%,75%,75%,75%,75%,75%,75%,75%,75%,75%,75%,75%,75%,75%,75%,75%,75%,75%,75%,75%,75%,75%,75%,,,,75.0%,"sensor hujan error, arg tipping bucket rusak, display untuk paramater suhu tanah tidak muncul, Tgl 10 Jan PC AWS ter-reset sehingga data logger tidak dapat terintegrasi system dan display",
31,AWS Digi Stamet Sentani,Stamet Sentani,100%,100%,100%,100%,100%,100%,100%,100%,100%,100%,100%,100%,100%,100%,100%,100%,100%,100%,100%,100%,100%,100%,100%,100%,100%,100%,100%,100%,,,,100.0%,,
32,AWS Rekayasa Stamet Serui,Stamet Serui,100%,100%,100%,100%,100%,100%,100%,100%,100%,100%,100%,100%,100%,100%,100%,100%,100%,100%,100%,100%,100%,100%,100%,100%,100%,100%,100%,100%,,,,100.0%,,
33,AWS Digi Stamet Timika,Stamet Timika,100%,100%,100%,100%,100%,100%,100%,100%,100%,100%,100%,100%,100%,100%,100%,100%,100%,100%,100%,100%,100%,100%,100%,100%,100%,100%,100%,100%,,,,100.0%,,
34,AWS  Degrean (STR I )Stamet Tanah Merah,Stamet Tanah Merah,100%,100%,100%,100%,100%,100%,100%,100%,100%,100%,100%,100%,100%,100%,100%,100%,100%,100%,100%,100%,100%,100%,100%,100%,100%,100%,100%,100%,,,,100.0%,Sensor Rainfall recorder error pembacaan 0,
35,AWS Digi Wamena.,Stamet Wamena,100%,100%,100%,100%,100%,100%,100%,100%,100%,100%,100%,100%,100%,100%,100%,100%,100%,100%,100%,100%,100%,100%,100%,100%,100%,100%,100%,100%,,,,100.0%,,
TOTAL PERSENTASE BULANAN,,,,,,,,,,,,,,,,,,,,,,,,,,,,,,,,,,97.8%,,
,,,,,,,,,,,,,,,,,,,,,,,,,,,,,,,,,,,,
,,,,,,,,,,,,,,,,,,,,,,,,,,,,,,,,,,,,
SERVICE LEVEL AGREEMENT ( SLA ) MONITORING DATA  AWS,,,,,,,,,,,,,,,,,,,,,,,,,,,,,,,,,,,,
BULAN MARET 2026,,,,,,,,,,,,,,,,,,,,,,,,,,,,,,,,,,,,
,,,,,,,,,,,,,,,,,,,,,,,,,,,,,,,,,,,,
No,Merk,Stasiun / PIC,Status,,,,,,,,,,,,,,,,,,,,,,,,,,,,,,,Persentase Aktif (%),KETERANGAN / PERMASALAHAN / MITIGASI,
,,,1,2,3,4,5,6,7,8,9,10,11,12,13,14,15,16,17,18,19,20,21,22,23,24,25,26,27,28,29,30,31,,,
1,AWS Rekayasa Balai V,Staklim Papua,ON,ON,ON,ON,ON,ON,ON,ON,ON,ON,ON,ON,ON,ON,ON,ON,ON,ON,ON,ON,ON,ON,ON,ON,ON,ON,ON,ON,ON,ON,ON,100.0%,,
2,AWS Nimboran Staklim Papua,,ON,ON,ON,ON,ON,ON,ON,ON,ON,ON,ON,ON,ON,ON,ON,ON,ON,ON,ON,ON,ON,ON,ON,ON,ON,ON,ON,ON,ON,ON,ON,100.0%,,
3,AWS  Rekayasa Arso,,ON,ON,ON,ON,ON,ON,ON,ON,ON,ON,ON,ON,ON,ON,ON,ON,ON,ON,ON,ON,ON,ON,ON,ON,ON,ON,ON,ON,ON,ON,ON,100.0%,,
4,AWS Supiori Timur,,ON,ON,ON,ON,ON,ON,ON,ON,ON,ON,ON,ON,ON,ON,ON,ON,ON,ON,ON,ON,ON,ON,ON,ON,ON,ON,ON,ON,ON,ON,ON,100.0%,,
5,AWS Rekayasa Skouw.,,ON,ON,ON,ON,ON,ON,ON,ON,ON,ON,ON,ON,ON,ON,ON,ON,ON,ON,ON,ON,ON,ON,ON,ON,ON,ON,ON,ON,ON,ON,ON,100.0%,,
6,AWS IKRO Staklim Papua,,ON,ON,ON,ON,ON,ON,ON,ON,ON,ON,ON,ON,ON,ON,ON,ON,ON,ON,ON,ON,ON,ON,ON,ON,ON,ON,ON,ON,ON,ON,ON,100.0%,,
7,AAWS Koya Barat,,ON,ON,ON,ON,ON,ON,ON,ON,ON,ON,ON,ON,ON,ON,ON,ON,ON,ON,ON,ON,ON,ON,ON,ON,ON,ON,ON,ON,ON,ON,ON,100.0%,,
8,AWS GAW Vihara Klademark,Staklim Papua Barat,ON,ON,ON,ON,ON,ON,ON,ON,ON,ON,ON,ON,ON,ON,ON,ON,ON,ON,ON,ON,ON,ON,ON,ON,ON,ON,ON,ON,ON,ON,ON,100.0%,,
9,AWS Manokwari Selatan Rekayasa,,ON,ON,ON,ON,ON,ON,ON,ON,ON,ON,ON,ON,ON,ON,ON,ON,ON,ON,ON,ON,ON,ON,ON,ON,ON,ON,ON,ON,ON,ON,ON,100.0%,,
10,AWS Staklim Papua Barat,,ON,ON,ON,ON,ON,ON,ON,ON,ON,ON,ON,ON,ON,ON,ON,ON,ON,ON,ON,ON,ON,ON,ON,ON,ON,ON,ON,ON,ON,ON,ON,100.0%,,
11,AWS IKRO Staklim Papua Barat,,ON,ON,ON,ON,ON,ON,ON,ON,ON,ON,ON,ON,ON,ON,ON,ON,ON,ON,ON,ON,ON,ON,ON,ON,ON,ON,ON,ON,ON,ON,ON,100.0%,,
12,AWS Raisei,,ON,ON,ON,ON,ON,ON,ON,ON,ON,OFF,ON,ON,ON,ON,ON,ON,ON,ON,ON,ON,ON,ON,ON,ON,ON,ON,ON,ON,ON,ON,ON,96.8%,,
13,AWS Asiki,Staklim Papua Selatan,ON,ON,ON,ON,ON,ON,ON,ON,ON,ON,ON,ON,ON,ON,ON,ON,ON,ON,ON,ON,ON,ON,ON,ON,ON,ON,ON,ON,ON,ON,ON,100.0%,,
14,AAWS Staklim Tanah Miring,,ON,ON,ON,ON,ON,ON,ON,ON,ON,ON,ON,ON,ON,ON,ON,ON,ON,ON,ON,ON,ON,ON,ON,ON,ON,ON,ON,ON,ON,ON,ON,100.0%,,
15,AWS IKRO Staklim Tanah Miring,,ON,ON,ON,ON,ON,ON,ON,ON,ON,ON,ON,ON,ON,ON,ON,ON,ON,ON,ON,ON,ON,ON,ON,ON,ON,ON,ON,ON,ON,ON,ON,100.0%,,
16,AWS Digi Dok II.,Stamar Dok II,ON,ON,ON,ON,ON,ON,ON,ON,ON,ON,ON,ON,ON,ON,ON,ON,ON,ON,ON,ON,ON,ON,ON,ON,ON,ON,ON,ON,ON,ON,ON,100.0%,,
17,AWS Pelabuhan Jayapura,,ON,ON,ON,ON,ON,ON,ON,ON,ON,ON,ON,ON,ON,ON,ON,ON,ON,ON,ON,ON,ON,ON,ON,ON,ON,ON,ON,ON,ON,ON,ON,100.0%,,
18,AWS Stamet Enarotali,Stamet Enarotali,ON,ON,ON,ON,ON,ON,ON,ON,ON,ON,ON,ON,ON,ON,ON,ON,ON,ON,ON,ON,ON,ON,ON,ON,ON,ON,ON,ON,ON,ON,ON,100.0%,,
19,AWS Digi Stamet Enarotali,,ON,ON,ON,ON,ON,ON,ON,ON,ON,ON,ON,ON,ON,ON,ON,ON,ON,ON,ON,ON,ON,ON,ON,ON,ON,ON,ON,ON,ON,ON,ON,100.0%,,
20,AWS Degreane Stamet Manokwari ,Stamet Manokwari,ON,ON,ON,ON,ON,ON,ON,ON,ON,ON,ON,ON,ON,ON,ON,ON,ON,ON,ON,ON,ON,ON,ON,ON,ON,ON,ON,ON,ON,ON,ON,100.0%,Baterai bawaan AWS Teganganya Sudah Drop / Saat ini di Back up diganti Dengan 3 Baterai bukaan bawaan AWS yang dirangkai secara paralel./Perlu baterai yang baru,
21,AWS Rekayasa Stamet Manokwari,,ON,ON,ON,ON,ON,ON,ON,ON,ON,ON,ON,ON,ON,ON,ON,ON,ON,ON,ON,ON,ON,ON,ON,ON,ON,ON,ON,ON,ON,ON,ON,100.0%,PC server AWS sering mati jika ada pemadaman listrik perlu dinyalakan secara manual,
22,AWS Digi Stamet Sorong,Stamet Sorong,ON,ON,ON,ON,ON,ON,ON,ON,ON,ON,ON,ON,ON,ON,ON,ON,ON,ON,ON,ON,ON,ON,ON,ON,ON,ON,ON,ON,ON,ON,ON,100.0%,,
23,AWS Mesonet (STR I) Kab. Sorong,,ON,ON,ON,ON,ON,ON,ON,ON,ON,ON,ON,ON,ON,ON,ON,ON,ON,ON,ON,ON,ON,ON,ON,ON,ON,ON,ON,ON,ON,ON,ON,100.0%,,
24,AWS Pelabuhan Sorong,,ON,ON,ON,ON,ON,ON,ON,ON,ON,ON,ON,ON,ON,ON,ON,ON,ON,ON,ON,ON,ON,ON,ON,ON,ON,ON,ON,ON,ON,ON,ON,100.0%,,
25,AWS Digi Stamet Nabire,Stamet Nabire,ON,ON,ON,ON,ON,ON,ON,ON,ON,ON,ON,ON,ON,ON,ON,ON,ON,ON,ON,ON,ON,ON,ON,ON,ON,ON,ON,ON,ON,ON,ON,100.0%,,
26,AWS Digi Stamet Biak,Stamet Biak,ON,ON,ON,ON,ON,ON,ON,ON,ON,ON,ON,ON,ON,ON,ON,ON,ON,ON,ON,ON,ON,ON,ON,ON,ON,ON,ON,ON,ON,ON,ON,100.0%,,
27,AWS Degrean (STR I ) Stamet Fakfak,Stamet Fak fak,ON,ON,ON,ON,ON,ON,ON,ON,ON,ON,ON,ON,ON,ON,ON,ON,ON,ON,ON,ON,ON,ON,ON,ON,ON,ON,ON,ON,ON,ON,ON,100.0%,,
28,AWS Degrean (STR I)Stamet Kaimana,Stamet Kaimana,ON,ON,ON,ON,ON,ON,ON,ON,ON,ON,ON,ON,ON,ON,ON,ON,ON,ON,ON,ON,ON,ON,ON,ON,ON,ON,ON,ON,ON,ON,ON,100.0%,,
29,AWS Digi Stamet Merauke,Stamet Merauke,ON,ON,ON,ON,ON,ON,ON,ON,ON,ON,ON,ON,ON,ON,ON,ON,ON,ON,ON,ON,ON,ON,ON,ON,ON,ON,ON,ON,ON,ON,ON,100.0%,,
30,AWS Degreane ( STR I ) Stamet Sarmi,Stamet Sarmi,ON,ON,ON,ON,ON,ON,ON,ON,ON,ON,ON,ON,ON,ON,ON,ON,ON,ON,ON,ON,ON,ON,ON,ON,ON,ON,ON,ON,ON,ON,ON,100.0%,,
31,AWS Digi Stamet Sentani,Stamet Sentani,ON,ON,ON,ON,ON,ON,ON,ON,ON,ON,ON,ON,ON,ON,ON,ON,ON,ON,ON,ON,ON,ON,ON,ON,ON,ON,ON,ON,ON,ON,ON,100.0%,,
32,AWS Rekayasa Stamet Serui,Stamet Serui,ON,ON,ON,ON,ON,ON,ON,ON,ON,ON,ON,ON,ON,ON,ON,ON,ON,ON,ON,ON,ON,ON,ON,ON,ON,ON,ON,ON,ON,ON,ON,100.0%,,
33,AWS Digi Stamet Timika,Stamet Timika,ON,ON,ON,ON,ON,ON,ON,ON,ON,ON,ON,ON,ON,ON,ON,ON,ON,ON,ON,ON,ON,ON,ON,ON,ON,ON,ON,ON,ON,ON,ON,100.0%,,
34,AWS  Degrean (STR I )Stamet Tanah Merah,Stamet Tanah Merah,ON,ON,ON,ON,ON,ON,ON,ON,ON,ON,ON,ON,ON,ON,ON,ON,ON,ON,ON,ON,ON,ON,ON,ON,ON,ON,ON,ON,ON,ON,ON,100.0%,,
35,AWS Digi Wamena.,Stamet Wamena,ON,ON,ON,ON,ON,ON,ON,ON,ON,ON,ON,ON,ON,ON,ON,ON,ON,ON,ON,ON,ON,ON,ON,ON,ON,ON,ON,ON,ON,ON,ON,100.0%,,
TOTAL PERSENTASE BULANAN,,,,,,,,,,,,,,,,,,,,,,,,,,,,,,,,,,99.9%,,
,,,,,,,,,,,,,,,,,,,,,,,,,,,,,,,,,,,,
OPERATIONAL  LEVEL AGREEMENT ( OLA ) MONITORING DATA  AWS,,,,,,,,,,,,,,,,,,,,,,,,,,,,,,,,,,,,
BULAN MARET 2026,,,,,,,,,,,,,,,,,,,,,,,,,,,,,,,,,,,,
,,,,,,,,,,,,,,,,,,,,,,,,,,,,,,,,,,,,
No,Merk,Stasiun / PIC,Status,,,,,,,,,,,,,,,,,,,,,,,,,,,,,,,Persentase Aktif (%),KETERANGAN / PERMASALAHAN / MITIGASI,
,,,1,2,3,4,5,6,7,8,9,10,11,12,13,14,15,16,17,18,19,20,21,22,23,24,25,26,27,28,29,30,31,,,
1,AWS Rekayasa Balai V,Staklim Papua,99%,100%,100%,100%,100%,100%,100%,100%,100%,100%,100%,100%,100%,100%,100%,100%,100%,100%,100%,100%,100%,100%,100%,100%,100%,100%,100%,100%,100%,100%,100%,100.0%,,
2,AWS Nimboran Staklim Papua,,100%,100%,100%,100%,100%,100%,100%,100%,100%,100%,100%,100%,100%,100%,100%,100%,100%,100%,100%,100%,100%,100%,100%,100%,100%,100%,100%,100%,100%,99%,100%,100.0%,,
3,AWS  Rekayasa Arso,,99%,100%,100%,100%,100%,100%,100%,100%,100%,100%,100%,100%,100%,100%,100%,100%,100%,100%,100%,100%,100%,100%,100%,100%,100%,100%,100%,100%,100%,100%,100%,100.0%,,
4,AWS Supiori Timur,,100%,100%,100%,100%,100%,100%,100%,100%,100%,100%,100%,94%,100%,99%,100%,100%,100%,100%,100%,100%,100%,100%,100%,100%,100%,100%,97%,100%,100%,100%,100%,99.7%,,
5,AWS Rekayasa Skouw.,,99%,100%,100%,100%,100%,100%,100%,100%,100%,100%,100%,100%,99%,99%,100%,100%,100%,100%,100%,100%,100%,100%,100%,100%,100%,100%,100%,100%,100%,100%,100%,99.9%,,
6,AWS IKRO Staklim Papua,,100%,94%,67%,100%,96%,100%,100%,100%,100%,100%,100%,100%,97%,98%,100%,100%,100%,100%,100%,100%,100%,6%,100%,100%,100%,100%,99%,100%,100%,100%,100%,95.4%,gangguan kelistrikan,
7,AAWS Koya Barat,,100%,100%,100%,100%,100%,100%,100%,100%,100%,100%,100%,100%,100%,100%,100%,100%,100%,100%,100%,100%,100%,100%,100%,100%,100%,100%,100%,100%,100%,100%,100%,100.0%,,
8,AWS GAW Vihara Klademark,Staklim Papua Barat,99%,100%,100%,100%,100%,100%,100%,100%,100%,100%,100%,100%,100%,100%,100%,100%,100%,100%,100%,100%,100%,100%,100%,100%,100%,100%,100%,100%,100%,100%,100%,100.0%,,
9,AWS Manokwari Selatan Rekayasa,,99%,100%,100%,100%,100%,100%,100%,100%,100%,100%,100%,100%,100%,100%,100%,100%,100%,100%,100%,100%,100%,100%,100%,100%,100%,100%,100%,100%,100%,100%,100%,100.0%,,
10,AWS Staklim Papua Barat,,99%,100%,100%,100%,100%,100%,100%,100%,97%,100%,100%,100%,95%,100%,100%,100%,100%,100%,100%,99%,100%,100%,78%,75%,85%,93%,100%,100%,96%,45%,56%,94.1%,,
11,AWS IKRO Staklim Papua Barat,,79%,100%,100%,100%,100%,100%,100%,100%,100%,100%,100%,100%,86%,76%,100%,100%,100%,100%,100%,100%,100%,100%,100%,100%,100%,27%,51%,100%,100%,100%,100%,94.2%,,
12,AWS Raisei,,99%,100%,100%,100%,100%,100%,100%,100%,84%,0%,97%,100%,100%,100%,100%,100%,100%,100%,100%,100%,100%,100%,100%,100%,100%,100%,100%,100%,100%,100%,100%,96.1%,,
13,AWS Asiki,Staklim Papua Selatan,100%,100%,100%,100%,100%,100%,100%,100%,100%,100%,100%,100%,100%,100%,100%,100%,100%,100%,100%,100%,100%,100%,100%,100%,100%,100%,100%,100%,100%,100%,100%,100.0%,,
14,AAWS Staklim Tanah Miring,,100%,100%,100%,100%,100%,100%,100%,100%,100%,100%,100%,100%,100%,100%,100%,100%,100%,100%,100%,100%,100%,100%,100%,100%,100%,100%,100%,100%,100%,100%,100%,100.0%,,
15,AWS IKRO Staklim Tanah Miring,,96%,100%,100%,75%,97%,95%,100%,100%,100%,95%,90%,36%,97%,98%,100%,100%,100%,100%,98%,100%,100%,95%,100%,97%,52%,94%,100%,100%,99%,100%,100%,94.0%,,
16,AWS Digi Dok II.,Stamar Dok II,100%,100%,100%,100%,100%,100%,100%,100%,100%,100%,100%,100%,100%,100%,100%,100%,100%,100%,100%,100%,100%,100%,100%,100%,100%,100%,100%,100%,100%,100%,100%,100.0%,,
17,AWS Pelabuhan Jayapura,,100%,100%,100%,100%,100%,100%,100%,100%,100%,100%,100%,100%,100%,100%,100%,100%,100%,100%,100%,100%,100%,100%,100%,100%,100%,100%,100%,100%,100%,100%,100%,100.0%,,
18,AWS Stamet Enarotali,Stamet Enarotali,100%,100%,100%,100%,100%,100%,100%,100%,100%,100%,100%,100%,100%,100%,100%,100%,100%,100%,100%,100%,100%,100%,100%,100%,100%,100%,100%,100%,100%,100%,100%,100.0%,,
19,AWS Digi Stamet Enarotali,,100%,93%,100%,100%,100%,100%,100%,100%,100%,100%,100%,100%,100%,100%,100%,100%,100%,100%,100%,100%,100%,100%,100%,100%,100%,100%,100%,100%,100%,100%,100%,99.8%,,
20,AWS Degreane Stamet Manokwari ,Stamet Manokwari,96%,96%,96%,96%,96%,96%,96%,96%,96%,96%,96%,96%,96%,96%,96%,96%,96%,96%,96%,96%,96%,96%,96%,96%,96%,96%,96%,96%,96%,96%,96%,96.0%,Baterai bawaan AWS Teganganya Sudah Drop / Saat ini di Back up diganti Dengan 3 Baterai bukaan bawaan AWS yang dirangkai secara paralel./Perlu baterai yang baru,
21,AWS Rekayasa Stamet Manokwari,,100%,100%,100%,100%,100%,100%,100%,100%,100%,100%,100%,100%,100%,100%,100%,100%,100%,100%,100%,100%,100%,100%,100%,100%,100%,100%,100%,100%,100%,100%,100%,100.0%,PC server AWS sering mati jika ada pemadaman listrik perlu dinyalakan secara manual,
22,AWS Digi Stamet Sorong,Stamet Sorong,100%,100%,100%,100%,100%,100%,100%,100%,100%,100%,100%,100%,100%,100%,100%,100%,100%,100%,100%,100%,100%,100%,100%,100%,100%,100%,100%,100%,100%,100%,100%,100.0%,,
23,AWS Mesonet (STR I) Kab. Sorong,,100%,100%,100%,100%,100%,100%,100%,100%,100%,100%,100%,100%,100%,100%,100%,100%,100%,100%,100%,100%,100%,100%,100%,100%,100%,100%,100%,100%,100%,100%,100%,100.0%,,
24,AWS Pelabuhan Sorong,,100%,100%,100%,100%,100%,100%,100%,100%,100%,100%,100%,100%,100%,100%,100%,100%,100%,100%,100%,100%,100%,100%,100%,100%,100%,100%,100%,100%,100%,100%,100%,100.0%,,
25,AWS Digi Stamet Nabire,Stamet Nabire,97%,97%,97%,97%,97%,97%,97%,97%,97%,97%,97%,97%,97%,97%,97%,97%,97%,97%,97%,97%,97%,97%,97%,97%,97%,97%,97%,97%,97%,97%,97%,97.0%,"Sensor Water Level dan Temp Error (Sensor WT sedang dalam perjalanan, Sensor WL masih menunggu ketersediaan suku cadang di Inskal Pusat)",
26,AWS Digi Stamet Biak,Stamet Biak,100%,100%,84%,91%,100%,100%,100%,100%,100%,100%,100%,100%,100%,100%,100%,100%,100%,100%,100%,100%,100%,100%,100%,100%,100%,100%,100%,100%,100%,100%,100%,99.2%,,
27,AWS Degrean (STR I ) Stamet Fakfak,Stamet Fak fak,100%,100%,100%,100%,100%,100%,100%,100%,100%,100%,100%,100%,100%,100%,100%,100%,100%,100%,100%,100%,100%,100%,100%,100%,100%,100%,100%,100%,100%,100%,100%,100.0%,,
28,AWS Degrean (STR I)Stamet Kaimana,Stamet Kaimana,100%,100%,100%,100%,100%,100%,100%,100%,100%,100%,100%,100%,100%,100%,100%,100%,100%,100%,100%,100%,100%,100%,100%,100%,100%,100%,100%,100%,100%,100%,100%,100.0%,,
29,AWS Digi Stamet Merauke,Stamet Merauke,97%,97%,97%,97%,97%,97%,97%,97%,97%,97%,97%,97%,97%,97%,97%,97%,97%,97%,97%,97%,97%,97%,97%,97%,97%,97%,97%,97%,97%,97%,97%,97.0%,Sensor Water Level dan Temp Error,
30,AWS Degreane ( STR I ) Stamet Sarmi,Stamet Sarmi,75%,75%,75%,75%,75%,75%,75%,75%,75%,75%,75%,75%,75%,75%,75%,75%,75%,75%,75%,75%,75%,75%,75%,75%,75%,75%,75%,75%,75%,75%,75%,75.0%,"sensor hujan error, arg tipping bucket rusak, display untuk paramater suhu tanah tidak muncul, Tgl 10 Jan PC AWS ter-reset sehingga data logger tidak dapat terintegrasi system dan display",
31,AWS Digi Stamet Sentani,Stamet Sentani,100%,100%,100%,100%,100%,100%,100%,100%,100%,100%,100%,100%,100%,100%,100%,100%,100%,100%,100%,100%,100%,100%,100%,100%,100%,100%,100%,100%,100%,100%,100%,100.0%,,
32,AWS Rekayasa Stamet Serui,Stamet Serui,100%,100%,100%,100%,100%,100%,100%,100%,100%,100%,100%,100%,100%,100%,100%,100%,100%,100%,100%,100%,100%,100%,100%,100%,100%,100%,100%,100%,100%,100%,100%,100.0%,,
33,AWS Digi Stamet Timika,Stamet Timika,100%,100%,100%,100%,100%,100%,100%,100%,100%,100%,100%,100%,100%,100%,100%,100%,100%,100%,100%,100%,100%,100%,100%,100%,100%,100%,100%,100%,100%,100%,100%,100.0%,,
34,AWS  Degrean (STR I )Stamet Tanah Merah,Stamet Tanah Merah,100%,100%,100%,100%,100%,100%,100%,100%,100%,100%,100%,100%,100%,100%,100%,100%,100%,100%,100%,100%,100%,100%,100%,100%,100%,100%,100%,100%,100%,100%,100%,100.0%,,
35,AWS Digi Wamena.,Stamet Wamena,100%,100%,100%,100%,100%,100%,100%,100%,100%,100%,100%,100%,100%,100%,100%,100%,100%,100%,100%,100%,100%,100%,100%,100%,100%,100%,100%,100%,100%,100%,100%,100.0%,,
TOTAL PERSENTASE BULANAN,,,,,,,,,,,,,,,,,,,,,,,,,,,,,,,,,,98.2%,,
,,,,,,,,,,,,,,,,,,,,,,,,,,,,,,,,,,,,
,,,,,,,,,,,,,,,,,,,,,,,,,,,,,,,,,,,,
SERVICE LEVEL AGREEMENT ( SLA ) MONITORING DATA  AWS,,,,,,,,,,,,,,,,,,,,,,,,,,,,,,,,,,,,
BULAN APRIL 2026,,,,,,,,,,,,,,,,,,,,,,,,,,,,,,,,,,,,
,,,,,,,,,,,,,,,,,,,,,,,,,,,,,,,,,,,,
No,Merk,Stasiun / PIC,Status,,,,,,,,,,,,,,,,,,,,,,,,,,,,,,,Persentase Aktif (%),KETERANGAN / PERMASALAHAN / MITIGASI,
,,,1,2,3,4,5,6,7,8,9,10,11,12,13,14,15,16,17,18,19,20,21,22,23,24,25,26,27,28,29,30,-,,,
1,AWS Rekayasa Balai V,Staklim Papua,ON,ON,ON,ON,ON,ON,ON,ON,ON,ON,ON,ON,ON,ON,ON,ON,ON,ON,ON,ON,ON,ON,ON,ON,ON,ON,ON,ON,ON,ON,,100.0%,,
2,AWS Nimboran Staklim Papua,,ON,ON,ON,ON,ON,ON,ON,ON,ON,ON,ON,ON,ON,ON,ON,ON,ON,ON,ON,ON,ON,ON,ON,ON,ON,ON,ON,ON,ON,ON,,100.0%,,
3,AWS  Rekayasa Arso,,ON,ON,ON,ON,ON,ON,ON,ON,ON,ON,ON,ON,ON,ON,ON,ON,ON,ON,ON,ON,ON,ON,ON,ON,ON,ON,ON,ON,ON,ON,,100.0%,,
4,AWS Supiori Timur,,ON,ON,ON,ON,ON,ON,ON,ON,ON,ON,ON,ON,ON,ON,ON,ON,ON,ON,ON,ON,ON,ON,ON,ON,ON,ON,ON,ON,ON,ON,,100.0%,,
5,AWS Rekayasa Skouw.,,ON,ON,ON,ON,ON,ON,ON,ON,ON,ON,ON,ON,ON,ON,ON,ON,ON,ON,ON,ON,ON,ON,ON,ON,ON,ON,ON,ON,ON,ON,,100.0%,,
6,AWS IKRO Staklim Papua,,ON,ON,ON,ON,ON,ON,ON,ON,ON,ON,ON,ON,ON,ON,ON,ON,ON,ON,ON,ON,ON,ON,ON,ON,ON,ON,ON,ON,ON,ON,,100.0%,,
7,AAWS Koya Barat,,ON,ON,ON,ON,ON,ON,ON,ON,ON,ON,ON,ON,ON,ON,ON,ON,ON,ON,ON,ON,ON,ON,ON,ON,ON,ON,ON,ON,ON,ON,,100.0%,,
8,AWS GAW Vihara Klademark,Staklim Papua Barat,ON,ON,ON,ON,ON,ON,ON,ON,ON,ON,ON,ON,ON,ON,ON,ON,ON,ON,ON,ON,ON,ON,ON,ON,ON,ON,ON,ON,ON,ON,,100.0%,,
9,AWS Manokwari Selatan Rekayasa,,ON,ON,ON,ON,ON,ON,ON,ON,ON,ON,ON,ON,ON,ON,ON,ON,ON,ON,ON,ON,ON,ON,ON,ON,ON,ON,ON,ON,ON,ON,,100.0%,,
10,AWS Staklim Papua Barat,,ON,ON,ON,ON,ON,ON,ON,ON,ON,ON,ON,ON,ON,ON,ON,ON,ON,ON,ON,ON,ON,ON,ON,ON,ON,ON,ON,ON,ON,ON,,100.0%,,
11,AWS IKRO Staklim Papua Barat,,ON,ON,ON,ON,ON,ON,ON,ON,ON,ON,ON,ON,ON,ON,ON,ON,ON,ON,ON,ON,ON,ON,ON,ON,ON,ON,ON,ON,ON,ON,,100.0%,,
12,AWS Raisei,,ON,ON,ON,ON,ON,ON,ON,ON,ON,OFF,OFF,ON,ON,ON,ON,ON,ON,ON,ON,ON,ON,ON,ON,ON,ON,ON,ON,ON,ON,ON,,93.3%,,
13,AWS Asiki,Staklim Papua Selatan,ON,ON,ON,ON,ON,ON,ON,ON,ON,ON,ON,ON,ON,ON,ON,ON,ON,ON,ON,ON,ON,ON,ON,ON,ON,ON,ON,ON,ON,ON,,100.0%,,
14,AAWS Staklim Tanah Miring,,ON,ON,ON,ON,ON,ON,ON,ON,ON,ON,ON,ON,ON,ON,ON,ON,ON,ON,ON,ON,ON,ON,ON,ON,ON,ON,ON,ON,ON,ON,,100.0%,,
15,AWS IKRO Staklim Tanah Miring,,ON,ON,ON,ON,ON,ON,ON,ON,ON,ON,ON,ON,ON,ON,ON,ON,ON,ON,ON,ON,ON,ON,ON,ON,ON,ON,ON,ON,ON,ON,,100.0%,,
16,AWS Digi Dok II.,Stamar Dok II,ON,ON,ON,ON,ON,ON,ON,ON,ON,ON,ON,ON,ON,ON,ON,ON,ON,ON,ON,ON,ON,ON,ON,ON,ON,ON,ON,ON,ON,ON,,100.0%,,
17,AWS Pelabuhan Jayapura,,ON,ON,ON,ON,ON,OFF,ON,ON,ON,ON,ON,ON,ON,ON,ON,ON,ON,ON,ON,ON,ON,ON,ON,ON,OFF,OFF,ON,ON,OFF,OFF,,83.3%,,
18,AWS Stamet Enarotali,Stamet Enarotali,ON,ON,ON,ON,ON,ON,ON,ON,ON,ON,ON,ON,ON,ON,ON,ON,ON,ON,ON,ON,ON,ON,ON,ON,ON,ON,ON,ON,ON,ON,,100.0%,,
19,AWS Digi Stamet Enarotali,,ON,ON,ON,ON,ON,ON,ON,ON,ON,ON,ON,ON,ON,ON,ON,ON,ON,ON,ON,ON,ON,ON,ON,ON,ON,ON,ON,ON,ON,ON,,100.0%,,
20,AWS Degreane Stamet Manokwari ,Stamet Manokwari,ON,ON,ON,ON,ON,ON,ON,ON,ON,ON,ON,ON,ON,ON,ON,ON,ON,ON,ON,ON,ON,ON,ON,ON,ON,ON,ON,ON,ON,ON,,100.0%,Baterai bawaan AWS Teganganya Sudah Drop / Saat ini di Back up diganti Dengan 3 Baterai bukaan bawaan AWS yang dirangkai secara paralel./Perlu baterai yang baru,
21,AWS Rekayasa Stamet Manokwari,,ON,ON,ON,ON,ON,ON,ON,ON,ON,ON,ON,ON,ON,ON,ON,ON,ON,ON,ON,ON,ON,ON,ON,ON,ON,ON,ON,ON,ON,ON,,100.0%,PC server AWS sering mati jika ada pemadaman listrik perlu dinyalakan secara manual,
22,AWS Digi Stamet Sorong,Stamet Sorong,ON,ON,ON,ON,ON,ON,ON,ON,ON,ON,ON,ON,ON,ON,ON,ON,ON,ON,ON,ON,ON,ON,ON,ON,ON,ON,ON,ON,ON,ON,,100.0%,,
23,AWS Mesonet (STR I) Kab. Sorong,,ON,ON,ON,ON,ON,ON,ON,ON,ON,ON,ON,ON,ON,ON,ON,ON,ON,ON,ON,ON,ON,ON,ON,ON,ON,ON,ON,ON,ON,ON,,100.0%,,
24,AWS Pelabuhan Sorong,,ON,ON,ON,ON,ON,ON,ON,ON,ON,ON,ON,ON,ON,ON,ON,ON,ON,ON,ON,ON,ON,ON,ON,ON,ON,ON,ON,ON,ON,ON,,100.0%,,
25,AWS Digi Stamet Nabire,Stamet Nabire,ON,ON,ON,ON,ON,ON,ON,ON,ON,ON,ON,ON,ON,ON,ON,ON,ON,ON,ON,ON,ON,ON,ON,ON,ON,ON,ON,ON,ON,ON,,100.0%,,
26,AWS Digi Stamet Biak,Stamet Biak,ON,ON,ON,ON,ON,ON,ON,ON,ON,ON,ON,ON,ON,ON,ON,ON,ON,ON,ON,ON,ON,ON,ON,ON,ON,ON,ON,ON,ON,ON,,100.0%,,
27,AWS Degrean (STR I ) Stamet Fakfak,Stamet Fak fak,ON,ON,ON,ON,ON,ON,ON,ON,ON,ON,ON,ON,ON,ON,ON,ON,ON,ON,ON,ON,ON,ON,ON,ON,ON,ON,ON,ON,ON,ON,,100.0%,,
28,AWS Degrean (STR I)Stamet Kaimana,Stamet Kaimana,ON,ON,ON,ON,ON,ON,ON,ON,ON,ON,ON,ON,ON,ON,ON,ON,ON,ON,ON,ON,ON,ON,ON,ON,ON,ON,ON,ON,ON,ON,,100.0%,,
29,AWS Digi Stamet Merauke,Stamet Merauke,ON,ON,ON,ON,ON,ON,ON,ON,ON,ON,ON,ON,ON,ON,ON,ON,ON,ON,ON,ON,ON,ON,ON,ON,ON,ON,ON,ON,ON,ON,,100.0%,,
30,AWS Degreane ( STR I ) Stamet Sarmi,Stamet Sarmi,ON,ON,ON,ON,ON,ON,ON,ON,ON,ON,ON,ON,ON,ON,ON,ON,ON,ON,ON,ON,ON,ON,ON,ON,ON,ON,ON,ON,ON,ON,,100.0%,,
31,AWS Digi Stamet Sentani,Stamet Sentani,ON,ON,ON,ON,ON,ON,ON,ON,ON,ON,ON,ON,ON,ON,ON,ON,ON,ON,ON,ON,ON,ON,ON,ON,ON,ON,ON,ON,ON,ON,,100.0%,,
32,AWS Rekayasa Stamet Serui,Stamet Serui,ON,ON,ON,ON,ON,ON,ON,ON,ON,ON,ON,ON,ON,ON,ON,ON,ON,ON,ON,ON,ON,ON,ON,ON,ON,ON,ON,ON,ON,ON,,100.0%,,
33,AWS Digi Stamet Timika,Stamet Timika,ON,ON,ON,ON,ON,ON,ON,ON,ON,ON,ON,ON,ON,ON,ON,ON,ON,ON,ON,ON,ON,ON,ON,ON,ON,ON,ON,ON,ON,ON,,100.0%,,
34,AWS  Degrean (STR I )Stamet Tanah Merah,Stamet Tanah Merah,ON,ON,ON,ON,ON,ON,ON,ON,ON,ON,ON,ON,ON,ON,ON,ON,ON,ON,ON,ON,ON,ON,ON,ON,ON,ON,ON,ON,ON,ON,,100.0%,,
35,AWS Digi Wamena.,Stamet Wamena,ON,ON,ON,ON,ON,ON,ON,ON,ON,ON,ON,ON,ON,ON,ON,ON,ON,ON,ON,ON,ON,ON,ON,ON,ON,ON,ON,ON,ON,ON,,100.0%,,
TOTAL PERSENTASE BULANAN,,,,,,,,,,,,,,,,,,,,,,,,,,,,,,,,,,99.3%,,
,,,,,,,,,,,,,,,,,,,,,,,,,,,,,,,,,,,,
OPERATIONAL  LEVEL AGREEMENT ( OLA ) MONITORING DATA  AWS,,,,,,,,,,,,,,,,,,,,,,,,,,,,,,,,,,,,
BULAN APRIL 2026,,,,,,,,,,,,,,,,,,,,,,,,,,,,,,,,,,,,
,,,,,,,,,,,,,,,,,,,,,,,,,,,,,,,,,,,,
No,Merk,Stasiun / PIC,Status,,,,,,,,,,,,,,,,,,,,,,,,,,,,,,,Persentase Aktif (%),KETERANGAN / PERMASALAHAN / MITIGASI,
,,,1,2,3,4,5,6,7,8,9,10,11,12,13,14,15,16,17,18,19,20,21,22,23,24,25,26,27,28,29,30,-,,,
1,AWS Rekayasa Balai V,Staklim Papua,99%,100%,100%,100%,100%,100%,100%,99%,84%,100%,100%,100%,100%,100%,100%,100%,100%,95%,100%,100%,100%,100%,100%,100%,100%,96%,100%,100%,100%,100%,,99.1%,,
2,AWS Nimboran Staklim Papua,,99%,100%,100%,100%,100%,100%,100%,95%,83%,100%,100%,100%,100%,100%,100%,100%,100%,95%,100%,100%,100%,100%,100%,100%,93%,100%,100%,98%,100%,100%,,98.8%,,
3,AWS  Rekayasa Arso,,99%,100%,100%,100%,100%,100%,100%,99%,83%,100%,100%,100%,100%,100%,100%,100%,100%,95%,100%,100%,100%,100%,100%,100%,100%,100%,100%,100%,100%,100%,,99.2%,,
4,AWS Supiori Timur,,100%,100%,100%,100%,100%,100%,97%,98%,100%,100%,100%,100%,100%,100%,100%,100%,100%,95%,100%,100%,100%,100%,100%,100%,100%,100%,100%,100%,100%,100%,,99.7%,,
5,AWS Rekayasa Skouw.,,94%,99%,100%,100%,100%,100%,100%,99%,86%,98%,100%,100%,100%,100%,100%,81%,100%,95%,100%,100%,98%,100%,100%,99%,100%,100%,100%,100%,100%,100%,,98.3%,,
6,AWS IKRO Staklim Papua,,100%,99%,100%,100%,100%,100%,100%,100%,100%,100%,100%,100%,100%,100%,100%,100%,100%,100%,100%,100%,100%,88%,100%,100%,100%,100%,100%,100%,100%,100%,,99.6%,,
7,AAWS Koya Barat,,100%,100%,100%,100%,100%,100%,100%,100%,100%,100%,100%,100%,100%,100%,100%,100%,100%,100%,100%,100%,100%,100%,100%,100%,100%,100%,100%,100%,100%,100%,,100.0%,,
8,AWS GAW Vihara Klademark,Staklim Papua Barat,99%,100%,100%,100%,100%,100%,100%,100%,100%,100%,100%,100%,100%,100%,100%,100%,100%,95%,100%,100%,100%,100%,100%,100%,100%,100%,100%,100%,100%,100%,,99.8%,,
9,AWS Manokwari Selatan Rekayasa,,99%,100%,100%,100%,100%,100%,100%,100%,100%,100%,100%,100%,100%,100%,100%,100%,100%,95%,100%,100%,100%,100%,100%,100%,100%,100%,100%,100%,100%,100%,,99.8%,,
10,AWS Staklim Papua Barat,,91%,97%,74%,100%,78%,81%,99%,90%,92%,100%,84%,79%,100%,100%,100%,100%,100%,95%,100%,100%,100%,100%,100%,100%,96%,99%,100%,100%,100%,100%,,95.2%,,
11,AWS IKRO Staklim Papua Barat,,100%,100%,100%,100%,100%,100%,89%,92%,100%,100%,86%,100%,92%,100%,100%,100%,99%,61%,100%,100%,100%,100%,100%,100%,88%,100%,93%,96%,100%,100%,,96.5%,,
12,AWS Raisei,,99%,100%,100%,100%,100%,100%,100%,100%,84%,0%,0%,48%,100%,100%,100%,100%,100%,95%,100%,100%,100%,100%,100%,100%,100%,100%,100%,100%,100%,100%,,90.9%,,
13,AWS Asiki,Staklim Papua Selatan,100%,100%,100%,100%,100%,100%,100%,100%,100%,100%,100%,100%,98%,100%,100%,100%,95%,100%,100%,100%,100%,99%,100%,100%,100%,100%,100%,97%,100%,99%,,99.6%,,
14,AAWS Staklim Tanah Miring,,100%,100%,100%,100%,100%,100%,100%,100%,100%,100%,100%,100%,100%,100%,100%,100%,100%,100%,100%,100%,100%,100%,100%,100%,100%,100%,100%,100%,100%,100%,,100.0%,,
15,AWS IKRO Staklim Tanah Miring,,96%,98%,100%,100%,99%,95%,93%,96%,100%,97%,98%,100%,40%,82%,95%,99%,100%,93%,95%,100%,99%,99%,100%,99%,100%,100%,97%,23%,85%,100%,,92.6%,,
16,AWS Digi Dok II.,Stamar Dok II,100%,100%,100%,100%,100%,100%,100%,100%,100%,100%,100%,100%,100%,100%,100%,100%,100%,100%,100%,100%,100%,100%,100%,100%,100%,100%,100%,100%,100%,100%,,100.0%,,
17,AWS Pelabuhan Jayapura,,100%,100%,100%,100%,100%,0%,100%,100%,100%,100%,100%,100%,100%,100%,100%,100%,100%,100%,100%,100%,75%,50%,75%,100%,25%,0%,100%,10%,0%,0%,,77.8%,,
18,AWS Stamet Enarotali,Stamet Enarotali,100%,100%,100%,100%,100%,100%,100%,100%,100%,100%,100%,100%,100%,100%,100%,100%,100%,100%,100%,100%,100%,100%,100%,100%,100%,100%,100%,100%,100%,100%,,100.0%,,
19,AWS Digi Stamet Enarotali,,100%,100%,100%,97%,100%,100%,100%,100%,100%,100%,100%,100%,100%,100%,100%,100%,100%,100%,100%,100%,100%,100%,100%,100%,100%,100%,100%,100%,100%,100%,,99.9%,Tanggal 5 PC Server dinonaktifkan sementara untuk cooling down genset. Genset beroperasi 12 jam  karena pemadaman listrik,
20,AWS Degreane Stamet Manokwari ,Stamet Manokwari,96%,96%,96%,96%,96%,96%,96%,96%,96%,96%,96%,96%,96%,96%,96%,96%,96%,96%,96%,96%,96%,96%,96%,96%,96%,96%,96%,96%,96%,96%,,96.0%,Baterai bawaan AWS Teganganya Sudah Drop / Saat ini di Back up diganti Dengan 3 Baterai bukaan bawaan AWS yang dirangkai secara paralel./Perlu baterai yang baru,
21,AWS Rekayasa Stamet Manokwari,,100%,100%,100%,100%,100%,100%,100%,100%,100%,100%,100%,100%,100%,100%,100%,100%,100%,100%,100%,100%,100%,100%,100%,100%,100%,100%,100%,100%,100%,100%,,100.0%,PC server AWS sering mati jika ada pemadaman listrik perlu dinyalakan secara manual,
22,AWS Digi Stamet Sorong,Stamet Sorong,100%,100%,100%,100%,100%,100%,100%,100%,100%,100%,100%,100%,100%,100%,100%,100%,100%,100%,100%,100%,100%,100%,100%,100%,100%,100%,100%,100%,100%,100%,,100.0%,,
23,AWS Mesonet (STR I) Kab. Sorong,,100%,100%,100%,100%,100%,100%,100%,100%,100%,100%,100%,100%,100%,100%,100%,100%,100%,100%,100%,100%,100%,100%,100%,100%,100%,100%,100%,100%,100%,100%,,100.0%,,
24,AWS Pelabuhan Sorong,,100%,100%,100%,100%,100%,100%,100%,100%,100%,100%,100%,100%,100%,100%,100%,100%,100%,100%,100%,100%,100%,100%,100%,100%,100%,100%,100%,100%,100%,100%,,100.0%,,
25,AWS Digi Stamet Nabire,Stamet Nabire,97%,97%,97%,97%,97%,97%,93%,93%,93%,93%,93%,93%,93%,93%,93%,93%,97%,97%,97%,97%,97%,97%,97%,97%,97%,97%,97%,97%,97%,97%,,95.7%,"Sensor Water Level dan Temp Error (Sensor WT sedang dalam perjalanan, Sensor WL masih menunggu ketersediaan suku cadang di Inskal Pusat) dan sensor tekanan terhitung tanggal 7 april 2025 OFF dikarenakan kerusakan pada sensor nya itu sendiri",
26,AWS Digi Stamet Biak,Stamet Biak,100%,100%,100%,100%,95%,100%,100%,100%,100%,100%,100%,100%,100%,100%,100%,100%,100%,100%,100%,100%,100%,100%,100%,100%,100%,100%,100%,100%,100%,100%,,99.8%,,
27,AWS Degrean (STR I ) Stamet Fakfak,Stamet Fak fak,100%,100%,100%,100%,100%,100%,100%,100%,100%,100%,100%,100%,100%,100%,100%,100%,100%,100%,100%,100%,100%,100%,100%,100%,100%,100%,100%,100%,100%,100%,,100.0%,,
28,AWS Degrean (STR I)Stamet Kaimana,Stamet Kaimana,100%,100%,100%,100%,100%,100%,100%,100%,100%,100%,100%,100%,100%,100%,100%,100%,100%,100%,100%,100%,100%,100%,100%,100%,100%,100%,100%,100%,100%,100%,,100.0%,,
29,AWS Digi Stamet Merauke,Stamet Merauke,97%,97%,97%,97%,97%,97%,97%,97%,97%,97%,97%,97%,97%,97%,97%,97%,97%,97%,97%,97%,97%,97%,97%,97%,97%,97%,97%,97%,97%,97%,,97.0%,,
30,AWS Degreane ( STR I ) Stamet Sarmi,Stamet Sarmi,73%,73%,73%,73%,73%,73%,73%,73%,73%,73%,73%,73%,73%,73%,73%,73%,73%,73%,73%,73%,73%,73%,73%,73%,73%,73%,73%,73%,73%,73%,,73.0%,,
31,AWS Digi Stamet Sentani,Stamet Sentani,100%,100%,100%,100%,100%,100%,100%,100%,100%,100%,100%,100%,100%,100%,100%,100%,100%,100%,100%,100%,100%,100%,100%,100%,100%,100%,100%,100%,100%,100%,,100.0%,,
32,AWS Rekayasa Stamet Serui,Stamet Serui,100%,100%,100%,100%,100%,100%,100%,100%,100%,100%,100%,100%,100%,100%,100%,100%,100%,100%,100%,100%,100%,100%,100%,100%,100%,100%,100%,100%,100%,100%,,100.0%,,
33,AWS Digi Stamet Timika,Stamet Timika,100%,100%,100%,100%,100%,100%,100%,100%,100%,100%,100%,100%,100%,100%,100%,100%,100%,100%,100%,100%,100%,100%,100%,100%,100%,100%,100%,100%,100%,100%,,100.0%,,
34,AWS  Degrean (STR I )Stamet Tanah Merah,Stamet Tanah Merah,100%,100%,100%,100%,100%,100%,100%,100%,100%,100%,100%,100%,100%,100%,100%,100%,100%,100%,100%,100%,100%,100%,100%,100%,100%,100%,100%,100%,100%,100%,,100.0%,,
35,AWS Digi Wamena.,Stamet Wamena,100%,100%,100%,100%,100%,100%,100%,100%,100%,100%,100%,100%,100%,100%,100%,100%,100%,100%,100%,100%,100%,100%,100%,100%,100%,100%,100%,100%,100%,100%,,100.0%,,
TOTAL PERSENTASE BULANAN,,,,,,,,,,,,,,,,,,,,,,,,,,,,,,,,,,97.4%,,
,,,,,,,,,,,,,,,,,,,,,,,,,,,,,,,,,,,,
,,,,,,,,,,,,,,,,,,,,,,,,,,,,,,,,,,,,
SERVICE LEVEL AGREEMENT ( SLA ) MONITORING DATA  AWS,,,,,,,,,,,,,,,,,,,,,,,,,,,,,,,,,,,,
BULAN MEI 2026,,,,,,,,,,,,,,,,,,,,,,,,,,,,,,,,,,,,
,,,,,,,,,,,,,,,,,,,,,,,,,,,,,,,,,,,,
No,Merk,Stasiun / PIC,Status,,,,,,,,,,,,,,,,,,,,,,,,,,,,,,,Persentase Aktif (%),KETERANGAN / PERMASALAHAN / MITIGASI,
,,,1,2,3,4,5,6,7,8,9,10,11,12,13,14,15,16,17,18,19,20,21,22,23,24,25,26,27,28,29,30,31,,,
1,AWS Rekayasa Balai V,Staklim Papua,ON,ON,ON,ON,ON,ON,ON,ON,ON,ON,ON,ON,ON,ON,ON,ON,ON,ON,ON,ON,ON,ON,ON,ON,ON,ON,ON,ON,ON,ON,ON,100.0%,,
2,AWS Nimboran Staklim Papua,,ON,ON,ON,ON,ON,ON,ON,ON,ON,ON,ON,ON,ON,ON,ON,ON,ON,ON,ON,ON,ON,ON,ON,ON,ON,ON,ON,ON,ON,ON,ON,100.0%,,
3,AWS  Rekayasa Arso,,ON,ON,ON,ON,ON,ON,ON,ON,ON,ON,ON,ON,ON,ON,ON,ON,ON,ON,ON,ON,ON,ON,ON,ON,ON,ON,ON,ON,ON,ON,ON,100.0%,,
4,AWS Supiori Timur,,ON,ON,ON,OFF,OFF,ON,ON,ON,ON,ON,ON,ON,ON,ON,OFF,OFF,OFF,ON,ON,ON,ON,OFF,OFF,ON,ON,ON,ON,ON,ON,OFF,OFF,71.0%,kendala kelistrikan,
5,AWS Rekayasa Skouw.,,ON,ON,ON,ON,ON,ON,ON,ON,ON,ON,ON,ON,ON,ON,ON,ON,ON,ON,ON,ON,ON,ON,ON,ON,ON,ON,ON,ON,ON,ON,ON,100.0%,,
6,AWS IKRO Staklim Papua,,ON,ON,ON,ON,ON,ON,ON,ON,ON,ON,ON,ON,ON,ON,ON,ON,ON,ON,ON,ON,ON,ON,ON,ON,ON,ON,ON,ON,ON,ON,ON,100.0%,,
7,AAWS Koya Barat,,ON,ON,ON,ON,ON,ON,ON,ON,ON,ON,ON,ON,ON,ON,ON,ON,ON,ON,ON,ON,ON,ON,ON,ON,ON,ON,ON,ON,ON,ON,ON,100.0%,,
8,AWS GAW Vihara Klademark,Staklim Papua Barat,ON,ON,ON,ON,ON,ON,ON,ON,ON,ON,ON,ON,ON,ON,ON,ON,ON,ON,ON,ON,ON,ON,ON,ON,ON,ON,ON,ON,ON,ON,ON,100.0%,,
9,AWS Manokwari Selatan Rekayasa,,ON,ON,ON,ON,ON,ON,ON,ON,ON,ON,ON,ON,ON,ON,ON,ON,ON,ON,ON,ON,ON,ON,ON,ON,ON,ON,ON,ON,ON,ON,ON,100.0%,,
10,AWS Staklim Papua Barat,,ON,ON,ON,ON,ON,ON,ON,ON,ON,ON,ON,ON,ON,ON,ON,ON,ON,ON,ON,ON,ON,ON,ON,ON,ON,ON,ON,ON,ON,ON,ON,100.0%,,
11,AWS IKRO Staklim Papua Barat,,ON,ON,ON,ON,ON,OFF,OFF,OFF,OFF,OFF,OFF,OFF,OFF,OFF,OFF,ON,ON,ON,ON,ON,ON,ON,ON,OFF,OFF,OFF,OFF,OFF,OFF,ON,ON,48.4%,,
12,AWS Raisei,,ON,ON,ON,ON,ON,ON,ON,ON,ON,ON,ON,OFF,OFF,OFF,OFF,OFF,OFF,OFF,OFF,OFF,OFF,OFF,OFF,OFF,OFF,ON,ON,ON,ON,ON,ON,54.8%,,
13,AWS Asiki,Staklim Papua Selatan,ON,ON,ON,ON,ON,ON,ON,ON,ON,ON,ON,ON,ON,ON,ON,ON,ON,ON,ON,ON,ON,ON,ON,ON,ON,ON,ON,ON,ON,ON,ON,100.0%,,
14,AAWS Staklim Tanah Miring,,ON,ON,ON,ON,ON,ON,ON,ON,ON,ON,ON,ON,ON,ON,ON,ON,ON,ON,ON,ON,ON,ON,ON,ON,ON,ON,ON,ON,ON,ON,ON,100.0%,,
15,AWS IKRO Staklim Tanah Miring,,ON,ON,ON,ON,ON,ON,ON,ON,ON,ON,ON,ON,ON,ON,ON,ON,ON,ON,ON,ON,ON,ON,ON,ON,ON,ON,ON,ON,ON,ON,ON,100.0%,,
16,AWS Digi Dok II.,Stamar Dok II,ON,ON,ON,ON,ON,ON,ON,ON,ON,ON,ON,ON,ON,ON,ON,ON,ON,ON,ON,ON,ON,ON,ON,ON,ON,ON,ON,ON,ON,ON,ON,100.0%,,
17,AWS Pelabuhan Jayapura,,ON,ON,ON,ON,ON,ON,ON,ON,ON,ON,ON,ON,ON,ON,ON,ON,ON,ON,ON,ON,ON,ON,ON,ON,ON,ON,ON,ON,ON,ON,ON,100.0%,,
18,AWS Stamet Enarotali,Stamet Enarotali,ON,ON,ON,ON,ON,ON,ON,ON,ON,ON,ON,ON,ON,ON,ON,ON,ON,ON,ON,ON,ON,ON,ON,ON,ON,ON,ON,ON,ON,ON,ON,100.0%,,
19,AWS Digi Stamet Enarotali,,ON,ON,ON,ON,ON,ON,ON,ON,ON,ON,ON,ON,ON,ON,ON,ON,ON,ON,ON,ON,ON,ON,ON,ON,ON,ON,ON,ON,ON,ON,ON,100.0%,,
20,AWS Degreane Stamet Manokwari ,Stamet Manokwari,ON,ON,ON,ON,ON,ON,ON,ON,ON,ON,ON,ON,ON,ON,ON,ON,ON,ON,ON,ON,ON,ON,ON,ON,ON,ON,ON,ON,ON,ON,ON,100.0%,,
21,AWS Rekayasa Stamet Manokwari,,ON,ON,ON,ON,ON,ON,ON,ON,ON,ON,ON,ON,ON,ON,ON,ON,ON,ON,ON,ON,ON,ON,ON,ON,ON,ON,ON,ON,ON,ON,ON,100.0%,,
22,AWS Digi Stamet Sorong,Stamet Sorong,ON,ON,ON,ON,ON,ON,ON,ON,ON,ON,ON,ON,ON,ON,ON,ON,ON,ON,ON,ON,ON,ON,ON,ON,ON,ON,ON,ON,ON,ON,ON,100.0%,,
23,AWS Mesonet (STR I) Kab. Sorong,,ON,ON,ON,ON,ON,ON,ON,ON,ON,ON,ON,ON,ON,ON,ON,ON,ON,ON,ON,ON,ON,ON,ON,ON,ON,ON,ON,ON,ON,ON,ON,100.0%,,
24,AWS Pelabuhan Sorong,,ON,ON,ON,ON,ON,ON,ON,ON,ON,ON,ON,ON,ON,ON,ON,ON,ON,ON,ON,ON,ON,ON,ON,ON,ON,ON,ON,ON,ON,ON,ON,100.0%,,
25,AWS Digi Stamet Nabire,Stamet Nabire,ON,ON,ON,ON,ON,ON,ON,ON,ON,ON,ON,ON,ON,ON,ON,ON,ON,ON,ON,ON,ON,ON,ON,ON,ON,ON,ON,ON,ON,ON,ON,100.0%,,
26,AWS Digi Stamet Biak,Stamet Biak,ON,ON,ON,ON,ON,ON,ON,ON,ON,ON,ON,ON,ON,ON,ON,ON,ON,ON,ON,ON,ON,ON,ON,ON,ON,ON,ON,ON,ON,ON,ON,100.0%,,
27,AWS Degrean (STR I ) Stamet Fakfak,Stamet Fak fak,ON,ON,ON,OFF,OFF,OFF,OFF,OFF,OFF,OFF,OFF,OFF,OFF,OFF,OFF,OFF,OFF,OFF,OFF,OFF,OFF,OFF,OFF,OFF,OFF,OFF,OFF,OFF,OFF,OFF,OFF,9.7%,"PC AWS tidak dapat menyala, didiagnosis hardisk rusak dan/atau motherboard yang bermasalah. Kemungkinan disebabkan karena PC yang sudah tua dan digunakan secara terus menerus sejak AWS beroperasi di Stamet Fakfak",
28,AWS Degrean (STR I)Stamet Kaimana,Stamet Kaimana,ON,ON,ON,ON,ON,ON,ON,ON,ON,ON,ON,ON,ON,ON,ON,ON,ON,ON,ON,ON,ON,ON,ON,ON,ON,ON,ON,ON,ON,ON,ON,100.0%,,
29,AWS Digi Stamet Merauke,Stamet Merauke,ON,ON,ON,ON,ON,ON,ON,ON,ON,ON,ON,ON,ON,ON,ON,ON,ON,ON,ON,ON,ON,ON,ON,ON,ON,ON,ON,ON,ON,ON,ON,100.0%,,
30,AWS Degreane ( STR I ) Stamet Sarmi,Stamet Sarmi,ON,ON,ON,ON,ON,ON,ON,ON,ON,ON,ON,ON,ON,ON,ON,ON,ON,ON,ON,ON,ON,ON,ON,ON,ON,ON,ON,ON,ON,ON,ON,100.0%,,
31,AWS Digi Stamet Sentani,Stamet Sentani,ON,ON,ON,ON,ON,ON,ON,ON,ON,ON,ON,ON,ON,ON,ON,ON,ON,ON,ON,ON,ON,ON,ON,ON,ON,ON,ON,ON,ON,ON,ON,100.0%,,
32,AWS Rekayasa Stamet Serui,Stamet Serui,ON,ON,ON,ON,ON,ON,ON,ON,ON,ON,ON,ON,ON,ON,ON,ON,ON,ON,ON,ON,ON,ON,ON,ON,ON,ON,ON,ON,ON,ON,ON,100.0%,,
33,AWS Digi Stamet Timika,Stamet Timika,ON,ON,ON,ON,ON,ON,ON,ON,ON,ON,ON,ON,ON,ON,ON,ON,ON,ON,ON,ON,ON,ON,ON,ON,ON,ON,ON,ON,ON,ON,ON,100.0%,,
34,AWS  Degrean (STR I )Stamet Tanah Merah,Stamet Tanah Merah,ON,ON,ON,ON,ON,ON,ON,ON,ON,ON,ON,ON,ON,ON,ON,ON,ON,ON,ON,ON,ON,ON,ON,ON,ON,ON,ON,ON,ON,ON,ON,100.0%,,
35,AWS Digi Wamena.,Stamet Wamena,ON,ON,ON,ON,ON,ON,ON,ON,ON,ON,ON,ON,ON,ON,ON,ON,ON,ON,ON,ON,ON,ON,ON,ON,ON,ON,ON,ON,ON,ON,ON,100.0%,,
TOTAL PERSENTASE BULANAN,,,,,,,,,,,,,,,,,,,,,,,,,,,,,,,,,,93.8%,,
,,,,,,,,,,,,,,,,,,,,,,,,,,,,,,,,,,,,
OPERATIONAL  LEVEL AGREEMENT ( OLA ) MONITORING DATA  AWS,,,,,,,,,,,,,,,,,,,,,,,,,,,,,,,,,,,,
BULAN MEI 2026,,,,,,,,,,,,,,,,,,,,,,,,,,,,,,,,,,,,
,,,,,,,,,,,,,,,,,,,,,,,,,,,,,,,,,,,,
No,Merk,Stasiun / PIC,Status,,,,,,,,,,,,,,,,,,,,,,,,,,,,,,,Persentase Aktif (%),KETERANGAN / PERMASALAHAN / MITIGASI,
,,,1,2,3,4,5,6,7,8,9,10,11,12,13,14,15,16,17,18,19,20,21,22,23,24,25,26,27,28,29,30,31,,,
1,AWS Rekayasa Balai V,Staklim Papua,99%,100%,100%,100%,87%,94%,84%,88%,82%,80%,100%,81%,81%,94%,99%,82%,81%,86%,84%,47%,64%,72%,63%,67%,62%,66%,58%,82%,63%,78%,56%,80.0%,Kendala kelistrikan,
2,AWS Nimboran Staklim Papua,,100%,100%,100%,100%,100%,100%,100%,100%,100%,100%,100%,100%,100%,100%,100%,97%,98%,100%,100%,100%,100%,100%,99%,100%,100%,100%,100%,100%,100%,100%,100%,99.8%,,
3,AWS  Rekayasa Arso,,99%,100%,100%,100%,100%,100%,100%,100%,100%,100%,100%,100%,100%,100%,100%,100%,97%,100%,100%,100%,100%,100%,100%,100%,100%,100%,100%,100%,100%,100%,100%,99.9%,,
4,AWS Supiori Timur,,100%,100%,91%,0%,0%,88%,100%,100%,100%,100%,99%,98%,100%,65%,0%,0%,0%,92%,100%,99%,78%,0%,0%,90%,100%,100%,100%,100%,65%,0%,0%,66.6%,,
5,AWS Rekayasa Skouw.,,97%,99%,97%,93%,98%,98%,97%,99%,100%,100%,91%,97%,99%,98%,99%,97%,100%,100%,100%,100%,63%,99%,100%,100%,100%,100%,100%,100%,99%,79%,100%,96.7%,,
6,AWS IKRO Staklim Papua,,100%,100%,100%,100%,100%,100%,100%,100%,90%,100%,100%,100%,100%,100%,100%,98%,100%,100%,100%,100%,89%,100%,100%,100%,100%,100%,77%,100%,100%,99%,88%,98.1%,,
7,AAWS Koya Barat,,100%,100%,100%,100%,100%,100%,100%,100%,100%,100%,100%,100%,100%,100%,100%,100%,100%,100%,100%,100%,100%,100%,100%,100%,100%,100%,100%,100%,100%,100%,100%,100.0%,,
8,AWS GAW Vihara Klademark,Staklim Papua Barat,99%,100%,100%,100%,100%,99%,100%,100%,100%,100%,99%,100%,100%,100%,100%,96%,100%,100%,100%,100%,100%,100%,100%,100%,100%,100%,100%,100%,100%,99%,100%,99.7%,,
9,AWS Manokwari Selatan Rekayasa,,99%,100%,100%,100%,100%,100%,100%,100%,100%,100%,99%,100%,100%,100%,100%,97%,100%,100%,100%,100%,100%,100%,100%,100%,100%,100%,100%,99%,100%,100%,100%,99.8%,,
10,AWS Staklim Papua Barat,,99%,99%,100%,100%,100%,100%,100%,100%,100%,100%,98%,100%,100%,100%,99%,99%,97%,97%,100%,100%,97%,98%,100%,100%,100%,98%,100%,100%,98%,100%,97%,99.2%,,
11,AWS IKRO Staklim Papua Barat,,100%,99%,97%,82%,7%,0%,0%,0%,0%,0%,0%,0%,0%,0%,0%,32%,95%,96%,100%,99%,100%,100%,93%,0%,0%,0%,0%,0%,0%,63%,100%,40.7%,,
12,AWS Raisei,,99%,100%,100%,100%,100%,100%,100%,100%,100%,100%,84%,0%,0%,0%,0%,0%,0%,0%,0%,0%,0%,0%,0%,0%,0%,97%,100%,100%,100%,100%,100%,54.2%,,
13,AWS Asiki,Staklim Papua Selatan,100%,100%,100%,100%,100%,100%,100%,100%,100%,100%,99%,100%,100%,100%,100%,99%,99%,100%,100%,100%,100%,100%,100%,100%,100%,100%,100%,100%,98%,100%,99%,99.8%,,
14,AAWS Staklim Tanah Miring,,100%,100%,100%,100%,100%,100%,100%,100%,100%,100%,100%,100%,100%,100%,100%,100%,100%,100%,100%,100%,100%,100%,100%,100%,100%,100%,100%,100%,100%,100%,100%,100.0%,,
15,AWS IKRO Staklim Tanah Miring,,100%,100%,98%,97%,100%,97%,100%,100%,97%,100%,97%,75%,93%,100%,100%,89%,99%,100%,95%,100%,97%,97%,100%,95%,72%,97%,96%,95%,100%,97%,99%,96.2%,,
16,AWS Digi Dok II.,Stamar Dok II,100%,100%,100%,100%,100%,100%,100%,100%,100%,100%,100%,100%,100%,100%,100%,100%,100%,100%,100%,100%,100%,100%,100%,100%,100%,100%,100%,100%,100%,100%,100%,100.0%,,
17,AWS Pelabuhan Jayapura,,100%,100%,100%,100%,100%,100%,100%,100%,100%,100%,100%,100%,100%,100%,100%,100%,100%,100%,100%,100%,100%,100%,100%,100%,100%,100%,100%,100%,100%,100%,100%,100.0%,,
18,AWS Stamet Enarotali,Stamet Enarotali,100%,100%,100%,100%,100%,100%,100%,100%,100%,100%,100%,100%,100%,100%,100%,100%,100%,100%,100%,100%,100%,100%,100%,100%,100%,100%,100%,100%,100%,100%,100%,100.0%,,
19,AWS Digi Stamet Enarotali,,100%,100%,100%,100%,100%,100%,100%,100%,100%,100%,100%,100%,100%,100%,100%,100%,100%,100%,100%,100%,100%,100%,100%,100%,100%,100%,100%,100%,100%,100%,100%,100.0%,,
20,AWS Degreane Stamet Manokwari ,Stamet Manokwari,96%,96%,96%,96%,96%,96%,96%,96%,96%,96%,96%,96%,96%,96%,96%,96%,96%,96%,96%,96%,96%,96%,96%,96%,96%,96%,96%,96%,96%,96%,96%,96.0%,Sensor suhu tanah rusak,
21,AWS Rekayasa Stamet Manokwari,,100%,100%,100%,100%,100%,100%,100%,100%,100%,100%,100%,100%,100%,100%,100%,100%,100%,100%,100%,100%,100%,100%,100%,100%,100%,100%,100%,100%,100%,96%,96%,99.7%,AWS on PC server sering mati dikarenakan pemadaman listrik tidak terdapat ups pada pc server maka sering dilakukan penghidupan pc secara manual,
22,AWS Digi Stamet Sorong,Stamet Sorong,100%,100%,100%,100%,100%,100%,100%,100%,100%,100%,100%,100%,100%,100%,100%,100%,100%,100%,100%,100%,100%,100%,100%,100%,100%,100%,100%,100%,100%,100%,100%,100.0%,,
23,AWS Mesonet (STR I) Kab. Sorong,,100%,100%,100%,100%,100%,100%,100%,100%,100%,100%,100%,100%,100%,100%,100%,100%,100%,100%,100%,100%,100%,100%,100%,100%,100%,100%,100%,100%,100%,100%,100%,100.0%,,
24,AWS Pelabuhan Sorong,,100%,100%,100%,100%,100%,100%,100%,100%,100%,100%,100%,100%,100%,100%,100%,100%,100%,100%,100%,100%,100%,100%,100%,100%,100%,100%,100%,100%,100%,100%,100%,100.0%,,
25,AWS Digi Stamet Nabire,Stamet Nabire,97%,97%,97%,97%,97%,97%,97%,97%,97%,97%,97%,97%,97%,97%,97%,97%,97%,97%,97%,97%,97%,97%,97%,97%,97%,97%,97%,97%,97%,97%,97%,97.0%,"Sensor Water Level dan Temp Error (Sensor WT sedang dalam perjalanan, Sensor WL masih menunggu ketersediaan suku cadang di Inskal Pusat)",
26,AWS Digi Stamet Biak,Stamet Biak,100%,100%,100%,100%,100%,100%,100%,100%,100%,100%,100%,100%,100%,100%,100%,100%,100%,100%,100%,100%,100%,100%,100%,100%,100%,97%,97%,97%,100%,100%,100%,99.7%,Sensor wind evaporation Error,
27,AWS Degrean (STR I ) Stamet Fakfak,Stamet Fak fak,80%,80%,80%,0%,0%,0%,0%,0%,0%,0%,0%,0%,0%,0%,0%,0%,0%,0%,0%,0%,0%,0%,0%,0%,0%,0%,0%,0%,0%,0%,0%,7.7%,"PC AWS tidak dapat menyala, didiagnosis hardisk rusak dan/atau motherboard yang bermasalah. Kemungkinan disebabkan karena PC yang sudah tua dan digunakan secara terus menerus sejak AWS beroperasi di Stamet Fakfak",
28,AWS Degrean (STR I)Stamet Kaimana,Stamet Kaimana,100%,100%,100%,100%,100%,100%,100%,100%,100%,100%,100%,100%,100%,100%,100%,100%,100%,100%,100%,100%,100%,100%,100%,100%,100%,100%,100%,100%,100%,100%,100%,100.0%,,
29,AWS Digi Stamet Merauke,Stamet Merauke,97%,97%,97%,97%,97%,97%,97%,97%,97%,97%,97%,97%,97%,97%,97%,97%,97%,97%,97%,97%,97%,97%,97%,97%,97%,97%,97%,97%,97%,97%,97%,97.0%,,
30,AWS Degreane ( STR I ) Stamet Sarmi,Stamet Sarmi,73%,73%,73%,73%,73%,73%,73%,73%,73%,73%,73%,73%,73%,73%,73%,73%,73%,73%,73%,73%,73%,73%,73%,73%,73%,73%,73%,73%,73%,73%,73%,72.5%,"Sensor hujan error, arg tipping bucket rusak, display untuk parameter suhu tanah tidak muncul. Tanggal 10 Januari PC AWS mengalami reset sehingga data logger tidak dapat terintegrasi sistem dan display",
31,AWS Digi Stamet Sentani,Stamet Sentani,100%,100%,100%,100%,100%,100%,100%,100%,100%,100%,100%,100%,100%,100%,100%,100%,100%,100%,100%,100%,100%,100%,100%,100%,100%,100%,100%,100%,100%,100%,100%,100.0%,,
32,AWS Rekayasa Stamet Serui,Stamet Serui,96%,96%,96%,96%,96%,96%,96%,96%,96%,96%,96%,96%,96%,96%,96%,96%,96%,96%,96%,96%,96%,96%,96%,96%,96%,96%,96%,96%,96%,96%,96%,96.3%,Sensor radiasi matahari rusak,
33,AWS Digi Stamet Timika,Stamet Timika,93%,93%,93%,93%,93%,93%,93%,93%,93%,93%,93%,93%,93%,93%,93%,93%,93%,93%,93%,93%,93%,93%,93%,93%,93%,93%,93%,93%,93%,93%,93%,92.5%,"Sensor Suhu Air Rusak, menunggu suku cadang dari Pusat, dan Sensor Radiasi Matahari Nilai koreksi besar",
34,AWS  Degrean (STR I )Stamet Tanah Merah,Stamet Tanah Merah,100%,100%,100%,100%,100%,100%,100%,93%,93%,93%,93%,93%,93%,93%,93%,93%,93%,93%,93%,93%,93%,93%,93%,93%,93%,93%,93%,93%,93%,93%,93%,94.2%,kadang garing gari data aws nya dan butu sambuang usb dari kabel aws ke komputer kantor karna suda tidak ada cadangan nya,
35,AWS Digi Wamena.,Stamet Wamena,100%,100%,100%,100%,100%,100%,100%,100%,100%,100%,100%,100%,100%,100%,100%,100%,100%,100%,100%,100%,100%,100%,100%,100%,100%,100%,100%,100%,100%,100%,100%,100.0%,`,`
TOTAL PERSENTASE BULANAN,,,,,,,,,,,,,,,,,,,,,,,,,,,,,,,,,,91.0%,,
,,,,,,,,,,,,,,,,,,,,,,,,,,,,,,,,,,,,
,,,,,,,,,,,,,,,,,,,,,,,,,,,,,,,,,,,,
SERVICE LEVEL AGREEMENT ( SLA ) MONITORING DATA  AWS,,,,,,,,,,,,,,,,,,,,,,,,,,,,,,,,,,,,
BULAN JUNI 2026,,,,,,,,,,,,,,,,,,,,,,,,,,,,,,,,,,,,
,,,,,,,,,,,,,,,,,,,,,,,,,,,,,,,,,,,,
No,Merk,Stasiun / PIC,Status,,,,,,,,,,,,,,,,,,,,,,,,,,,,,,,Persentase Aktif (%),KETERANGAN / PERMASALAHAN / MITIGASI,
,,,1,2,3,4,5,6,7,8,9,10,11,12,13,14,15,16,17,18,19,20,21,22,23,24,25,26,27,28,29,30,-,,,
1,AWS Rekayasa Balai V,Staklim Papua,OFF,OFF,OFF,OFF,OFF,OFF,OFF,ON,ON,ON,ON,ON,ON,ON,ON,ON,ON,ON,ON,ON,ON,ON,ON,ON,ON,ON,ON,ON,ON,ON,,76.7%,Kendala komunikasi modem dan catudaya accu perlu diganti,
2,AWS Nimboran Staklim Papua,,ON,ON,ON,ON,ON,ON,ON,ON,ON,ON,ON,ON,ON,ON,ON,ON,ON,ON,ON,ON,ON,ON,ON,ON,ON,ON,ON,ON,ON,ON,,100.0%,,
3,AWS  Rekayasa Arso,,ON,ON,ON,ON,ON,ON,ON,ON,ON,ON,ON,ON,ON,ON,ON,ON,ON,ON,ON,ON,ON,ON,ON,ON,ON,ON,ON,ON,ON,ON,,100.0%,,
4,AWS Supiori Timur,,ON,ON,ON,ON,OFF,ON,ON,ON,OFF,OFF,OFF,ON,ON,ON,ON,ON,OFF,ON,ON,OFF,OFF,ON,ON,ON,ON,ON,OFF,ON,ON,ON,,73.3%,,
5,AWS Rekayasa Skouw.,,ON,ON,ON,ON,ON,ON,ON,ON,ON,ON,ON,ON,ON,ON,ON,ON,ON,ON,ON,ON,ON,ON,ON,ON,ON,ON,ON,ON,ON,ON,,100.0%,,
6,AWS IKRO Staklim Papua,,ON,ON,ON,ON,ON,ON,ON,ON,ON,ON,ON,ON,ON,ON,ON,ON,ON,ON,ON,ON,ON,ON,ON,ON,ON,ON,ON,ON,ON,ON,,100.0%,,
7,AAWS Koya Barat,,ON,ON,ON,ON,ON,ON,ON,ON,ON,ON,ON,ON,ON,ON,ON,ON,ON,ON,ON,ON,ON,ON,ON,ON,ON,ON,ON,ON,ON,ON,,100.0%,,
8,AWS GAW Vihara Klademark,Staklim Papua Barat,ON,ON,ON,ON,ON,ON,ON,ON,ON,ON,ON,ON,ON,ON,ON,ON,ON,ON,ON,ON,ON,ON,ON,ON,ON,ON,ON,ON,ON,ON,,100.0%,,
9,AWS Manokwari Selatan Rekayasa,,ON,ON,ON,ON,ON,ON,ON,ON,ON,ON,ON,ON,ON,ON,ON,ON,ON,ON,ON,ON,ON,ON,ON,ON,ON,ON,ON,ON,ON,ON,,100.0%,,
10,AWS Staklim Papua Barat,,ON,ON,ON,ON,ON,ON,ON,ON,ON,ON,ON,ON,ON,ON,ON,ON,ON,ON,ON,ON,ON,ON,ON,ON,ON,ON,ON,ON,ON,ON,,100.0%,,
11,AWS IKRO Staklim Papua Barat,,ON,ON,ON,ON,ON,ON,ON,ON,ON,ON,ON,ON,ON,ON,ON,ON,ON,ON,ON,ON,ON,ON,ON,ON,ON,ON,ON,ON,ON,ON,,100.0%,,
12,AWS Raisei,,ON,ON,ON,ON,OFF,ON,ON,ON,ON,ON,ON,ON,OFF,ON,ON,ON,ON,OFF,ON,ON,ON,OFF,ON,ON,ON,OFF,ON,ON,OFF,ON,,80.0%,,
13,AWS Asiki,Staklim Papua Selatan,ON,ON,ON,ON,ON,ON,ON,ON,ON,ON,ON,ON,ON,ON,ON,ON,ON,ON,ON,ON,ON,ON,ON,ON,ON,ON,ON,ON,ON,ON,,100.0%,,
14,AAWS Staklim Tanah Miring,,ON,ON,ON,ON,ON,ON,ON,ON,ON,ON,ON,ON,ON,ON,ON,ON,ON,ON,ON,ON,ON,ON,ON,ON,ON,ON,ON,ON,ON,ON,,100.0%,,
15,AWS IKRO Staklim Tanah Miring,,ON,ON,ON,ON,ON,ON,ON,ON,ON,ON,ON,ON,ON,ON,ON,ON,ON,ON,ON,ON,ON,ON,ON,ON,ON,OFF,OFF,OFF,OFF,OFF,,83.3%,Jaringan komunikasi bermasalah,
16,AWS Digi Dok II.,Stamar Dok II,ON,ON,ON,ON,ON,ON,ON,ON,ON,ON,ON,ON,ON,ON,ON,ON,ON,ON,ON,ON,ON,ON,ON,ON,ON,ON,ON,ON,ON,ON,,100.0%,,
17,AWS Pelabuhan Jayapura,,ON,ON,ON,ON,ON,ON,ON,ON,ON,ON,ON,ON,ON,ON,ON,ON,ON,ON,ON,ON,ON,ON,ON,ON,ON,ON,ON,ON,ON,ON,,100.0%,,
18,AWS Stamet Enarotali,Stamet Enarotali,ON,ON,ON,ON,ON,ON,ON,ON,ON,ON,ON,ON,ON,ON,ON,ON,ON,ON,ON,ON,ON,ON,ON,ON,ON,ON,ON,ON,ON,ON,,100.0%,,
19,AWS Digi Stamet Enarotali,,ON,ON,ON,ON,ON,ON,ON,ON,ON,ON,ON,ON,ON,ON,ON,ON,ON,ON,ON,ON,ON,ON,ON,ON,ON,ON,ON,ON,ON,ON,,100.0%,,
20,AWS Degreane Stamet Manokwari ,Stamet Manokwari,ON,ON,ON,ON,ON,ON,ON,ON,ON,ON,ON,ON,ON,ON,ON,ON,ON,ON,ON,ON,ON,ON,ON,ON,ON,ON,ON,ON,ON,ON,,100.0%,Sensor suhu tanah rusak,
21,AWS Rekayasa Stamet Manokwari,,ON,ON,ON,ON,ON,ON,ON,ON,ON,ON,ON,ON,ON,ON,OFF,OFF,OFF,OFF,OFF,OFF,OFF,OFF,OFF,OFF,OFF,OFF,OFF,OFF,OFF,OFF,,46.7%,"AWS on PC server sering mati dikarenakan pemadaman listrik tidak terdapat ups pada pc server maka sering dilakukan penghidupan pc secara manual, data miss. Data Logger off, saat diakses langsung ke laptop menggunakan Logger net data tidak muncul. Perlu penggantian data Logger.",
22,AWS Digi Stamet Sorong,Stamet Sorong,ON,ON,ON,ON,ON,ON,ON,ON,ON,ON,ON,ON,ON,ON,ON,ON,ON,ON,ON,ON,ON,ON,ON,ON,ON,ON,ON,ON,ON,ON,,100.0%,,
23,AWS Mesonet (STR I) Kab. Sorong,,ON,ON,ON,ON,ON,ON,ON,ON,ON,ON,ON,ON,ON,ON,ON,ON,ON,ON,ON,ON,ON,ON,ON,ON,ON,ON,ON,ON,ON,ON,,100.0%,,
24,AWS Pelabuhan Sorong,,ON,ON,ON,ON,ON,ON,ON,ON,ON,ON,ON,ON,ON,ON,ON,ON,ON,ON,ON,ON,ON,ON,ON,ON,ON,ON,ON,ON,ON,ON,,100.0%,,
25,AWS Digi Stamet Nabire,Stamet Nabire,ON,ON,ON,ON,ON,ON,ON,ON,ON,ON,ON,ON,ON,ON,ON,ON,ON,ON,ON,ON,ON,ON,ON,ON,ON,ON,ON,ON,ON,ON,,100.0%,,
26,AWS Digi Stamet Biak,Stamet Biak,ON,ON,ON,ON,ON,ON,ON,ON,ON,ON,ON,ON,ON,ON,ON,ON,ON,ON,ON,ON,ON,ON,ON,ON,ON,ON,ON,ON,ON,ON,,100.0%,,
27,AWS Degrean (STR I ) Stamet Fakfak,Stamet Fak fak,OFF,OFF,OFF,OFF,OFF,OFF,OFF,OFF,OFF,OFF,OFF,OFF,OFF,OFF,OFF,OFF,OFF,OFF,OFF,OFF,OFF,OFF,OFF,OFF,OFF,OFF,OFF,OFF,OFF,OFF,,0.0%,"PC AWS tidak dapat menyala, didiagnosis hardisk rusak dan/atau motherboard yang bermasalah. Kemungkinan disebabkan karena PC yang sudah tua dan digunakan secara terus menerus sejak AWS beroperasi di Stamet Fakfak",
28,AWS Degrean (STR I)Stamet Kaimana,Stamet Kaimana,ON,ON,ON,ON,ON,ON,ON,ON,ON,ON,ON,ON,ON,ON,ON,ON,ON,ON,ON,ON,ON,ON,ON,ON,ON,ON,ON,ON,ON,ON,,100.0%,,
29,AWS Digi Stamet Merauke,Stamet Merauke,ON,ON,ON,ON,ON,ON,ON,ON,ON,ON,ON,ON,ON,ON,ON,ON,ON,ON,ON,ON,ON,ON,ON,ON,ON,ON,ON,ON,ON,ON,,100.0%,,
30,AWS Degreane ( STR I ) Stamet Sarmi,Stamet Sarmi,ON,ON,ON,ON,ON,ON,ON,ON,ON,ON,ON,ON,ON,ON,ON,ON,ON,ON,ON,ON,ON,ON,ON,ON,ON,ON,ON,ON,ON,ON,,100.0%,"Sensor hujan error, arg tipping bucket rusak, display untuk parameter suhu tanah tidak muncul. Tanggal 10 Januari PC AWS mengalami reset sehingga data logger tidak dapat terintegrasi sistem dan display",
31,AWS Digi Stamet Sentani,Stamet Sentani,ON,ON,ON,ON,ON,ON,ON,ON,ON,ON,ON,ON,ON,ON,ON,ON,ON,ON,ON,ON,ON,ON,ON,ON,ON,ON,ON,ON,ON,ON,,100.0%,,
32,AWS Rekayasa Stamet Serui,Stamet Serui,ON,ON,ON,ON,ON,ON,ON,ON,ON,ON,ON,ON,ON,ON,ON,ON,ON,ON,ON,ON,ON,ON,ON,ON,ON,ON,ON,ON,ON,ON,,100.0%,,
33,AWS Digi Stamet Timika,Stamet Timika,ON,ON,ON,ON,ON,ON,ON,ON,ON,ON,ON,ON,ON,ON,ON,ON,ON,ON,ON,ON,ON,ON,ON,ON,ON,ON,ON,ON,ON,ON,,100.0%,"Sensor Suhu Air Rusak, menunggu suku cadang dari Pusat, dan Sensor Radiasi Matahari Nilai koreksi besar",
34,AWS  Degrean (STR I )Stamet Tanah Merah,Stamet Tanah Merah,ON,ON,ON,ON,ON,ON,ON,ON,ON,ON,ON,ON,ON,ON,ON,ON,ON,ON,ON,ON,ON,ON,ON,ON,ON,ON,ON,ON,ON,ON,,100.0%,"Tipping bucket rusak, sensor tidak membaca, kabel komunikasi dari logger (Taman Alat) ke Station sudah keropos sehingga terdapat noise yang menyebabkan komunikasi sering terputus, perlu penggantian Converter RS232 yang bagus, agar data yang dihasilkan bisa stabil",
35,AWS Digi Wamena.,Stamet Wamena,ON,ON,ON,ON,ON,ON,ON,ON,ON,ON,ON,ON,ON,ON,ON,ON,ON,ON,ON,ON,ON,ON,ON,ON,ON,ON,ON,ON,ON,ON,,100.0%,,
TOTAL PERSENTASE BULANAN,,,,,,,,,,,,,,,,,,,,,,,,,,,,,,,,,,93.1%,,
,,,,,,,,,,,,,,,,,,,,,,,,,,,,,,,,,,,,
OPERATIONAL  LEVEL AGREEMENT ( OLA ) MONITORING DATA  AWS,,,,,,,,,,,,,,,,,,,,,,,,,,,,,,,,,,,,
BULAN JUNI 2026,,,,,,,,,,,,,,,,,,,,,,,,,,,,,,,,,,,,
,,,,,,,,,,,,,,,,,,,,,,,,,,,,,,,,,,,,
No,Merk,Stasiun / PIC,Status,,,,,,,,,,,,,,,,,,,,,,,,,,,,,,,Persentase Aktif (%),KETERANGAN / PERMASALAHAN / MITIGASI,
,,,1,2,3,4,5,6,7,8,9,10,11,12,13,14,15,16,17,18,19,20,21,22,23,24,25,26,27,28,29,30,31,,,
1,AWS Rekayasa Balai V,Staklim Papua,0%,0%,0%,0%,0%,0%,0%,48%,58%,65%,72%,51%,48%,45%,40%,64%,47%,45%,46%,45%,38%,44%,98%,99%,100%,100%,100%,100%,100%,100%,,51.8%,Kendala komunikasi modem dan perlu penggantian accu,
2,AWS Nimboran Staklim Papua,,100%,100%,100%,100%,100%,100%,100%,99%,100%,100%,99%,100%,100%,100%,100%,99%,100%,99%,100%,100%,100%,100%,100%,98%,100%,100%,100%,100%,100%,100%,,99.8%,,
3,AWS  Rekayasa Arso,,99%,100%,100%,100%,100%,100%,100%,99%,99%,100%,100%,100%,100%,100%,100%,100%,100%,100%,100%,100%,100%,100%,100%,100%,100%,100%,100%,100%,100%,100%,,99.9%,,
4,AWS Supiori Timur,,88%,100%,98%,81%,0%,92%,100%,82%,0%,0%,0%,99%,100%,100%,100%,72%,0%,92%,88%,0%,0%,91%,100%,100%,100%,70%,0%,91%,100%,100%,,68.1%,,
5,AWS Rekayasa Skouw.,,99%,95%,100%,100%,100%,100%,100%,100%,100%,98%,100%,98%,100%,100%,100%,100%,99%,100%,100%,100%,100%,100%,94%,97%,100%,100%,100%,96%,100%,100%,,99.2%,,
6,AWS IKRO Staklim Papua,,100%,100%,100%,97%,100%,99%,100%,100%,100%,99%,100%,92%,72%,99%,100%,100%,100%,100%,100%,100%,100%,100%,100%,100%,100%,100%,100%,96%,100%,100%,,98.5%,listrik sempat padam,
7,AAWS Koya Barat,,100%,100%,100%,100%,100%,100%,100%,100%,100%,100%,100%,100%,100%,100%,100%,100%,100%,100%,100%,100%,100%,100%,100%,100%,100%,100%,100%,100%,100%,100%,,100.0%,,
8,AWS GAW Vihara Klademark,Staklim Papua Barat,99%,100%,99%,100%,95%,100%,100%,99%,100%,100%,100%,100%,100%,100%,100%,100%,100%,100%,100%,100%,100%,100%,100%,100%,100%,100%,100%,100%,100%,100%,,99.7%,,
9,AWS Manokwari Selatan Rekayasa,,99%,100%,100%,100%,95%,100%,100%,98%,100%,100%,100%,100%,100%,100%,100%,100%,100%,100%,100%,100%,100%,100%,100%,100%,100%,100%,100%,100%,100%,100%,,99.7%,,
10,AWS Staklim Papua Barat,,97%,99%,97%,95%,99%,99%,100%,98%,100%,100%,100%,100%,100%,100%,100%,99%,100%,100%,100%,98%,100%,100%,100%,100%,100%,100%,100%,100%,100%,100%,,99.4%,,
11,AWS IKRO Staklim Papua Barat,,100%,100%,100%,99%,97%,64%,100%,97%,100%,79%,74%,95%,100%,100%,100%,100%,96%,100%,100%,100%,100%,100%,52%,86%,100%,100%,95%,96%,100%,100%,,94.3%,,
12,AWS Raisei,,99%,100%,100%,87%,0%,95%,100%,99%,100%,79%,90%,70%,0%,95%,100%,100%,79%,0%,97%,100%,75%,0%,97%,100%,70%,0%,89%,98%,0%,96%,,73.8%,,
13,AWS Asiki,Staklim Papua Selatan,100%,100%,100%,100%,100%,100%,100%,99%,100%,100%,100%,100%,100%,100%,100%,100%,100%,100%,100%,100%,100%,100%,100%,100%,99%,100%,100%,100%,100%,100%,,99.9%,,
14,AAWS Staklim Tanah Miring,,100%,100%,100%,100%,100%,100%,100%,100%,99%,100%,100%,100%,100%,100%,100%,100%,100%,100%,100%,100%,100%,100%,100%,100%,100%,100%,100%,100%,100%,100%,,100.0%,,
15,AWS IKRO Staklim Tanah Miring,,85%,97%,100%,95%,97%,100%,97%,96%,100%,95%,99%,100%,96%,99%,100%,85%,93%,96%,96%,98%,95%,97%,100%,97%,23%,0%,0%,0%,0%,66%,,80.1%,Jaringan komunikasi bermasalah,
16,AWS Digi Dok II.,Stamar Dok II,100%,100%,100%,100%,100%,100%,100%,100%,100%,100%,100%,100%,100%,100%,100%,100%,100%,100%,100%,100%,100%,100%,100%,100%,100%,100%,100%,100%,100%,100%,,100.0%,,
17,AWS Pelabuhan Jayapura,,100%,100%,100%,100%,100%,100%,100%,100%,100%,100%,100%,100%,100%,100%,100%,100%,100%,100%,100%,100%,100%,100%,100%,100%,100%,100%,100%,100%,96%,98%,,99.8%,Sensor wind evaporimeter bermasalah,
18,AWS Stamet Enarotali,Stamet Enarotali,100%,100%,100%,100%,100%,100%,100%,100%,100%,100%,100%,100%,100%,100%,100%,100%,100%,100%,100%,100%,100%,100%,100%,100%,100%,100%,100%,100%,100%,100%,,100.0%,,
19,AWS Digi Stamet Enarotali,,100%,100%,100%,100%,100%,100%,100%,100%,100%,100%,100%,100%,100%,100%,100%,100%,100%,100%,100%,100%,100%,100%,100%,82%,100%,100%,100%,100%,100%,100%,,99.4%,,
20,AWS Degreane Stamet Manokwari ,Stamet Manokwari,96%,96%,96%,96%,96%,96%,96%,96%,96%,96%,96%,96%,96%,96%,96%,96%,96%,96%,96%,96%,96%,96%,96%,96%,96%,96%,96%,96%,96%,96%,,96.0%,Sensor suhu tanah rusak,
21,AWS Rekayasa Stamet Manokwari,,96%,96%,96%,96%,96%,96%,96%,96%,96%,80%,80%,80%,80%,80%,50%,50%,50%,50%,50%,50%,50%,50%,50%,50%,50%,50%,50%,50%,50%,50%,,68.8%,"AWS on PC server sering mati dikarenakan pemadaman listrik tidak terdapat ups pada pc server maka sering dilakukan penghidupan pc secara manual, data miss. Data Logger off, saat diakses langsung ke laptop menggunakan Logger net data tidak muncul. Perlu penggantian data Logger.",
22,AWS Digi Stamet Sorong,Stamet Sorong,96%,96%,96%,96%,96%,96%,96%,96%,96%,96%,96%,96%,96%,96%,96%,96%,96%,96%,96%,96%,96%,96%,96%,96%,96%,96%,96%,96%,96%,96%,,96.3%,Sensor Suhu Error,
23,AWS Mesonet (STR I) Kab. Sorong,,100%,100%,100%,100%,100%,100%,100%,100%,100%,100%,100%,100%,100%,100%,100%,100%,100%,100%,100%,100%,100%,100%,100%,100%,100%,100%,100%,100%,100%,100%,,100.0%,,
24,AWS Pelabuhan Sorong,,100%,100%,100%,100%,100%,100%,100%,100%,100%,100%,100%,100%,100%,100%,100%,100%,100%,100%,100%,100%,100%,100%,100%,100%,100%,100%,100%,100%,100%,100%,,100.0%,,
25,AWS Digi Stamet Nabire,Stamet Nabire,97%,97%,97%,97%,97%,97%,97%,97%,97%,97%,97%,97%,97%,97%,97%,97%,97%,97%,97%,97%,97%,97%,97%,97%,97%,97%,97%,97%,97%,97%,,97.0%,"Sensor Water Level dan Temp Error (Sensor WT sedang dalam perjalanan, Sensor WL masih menunggu ketersediaan suku cadang di Inskal Pusat)",
26,AWS Digi Stamet Biak,Stamet Biak,97%,97%,97%,97%,97%,97%,97%,97%,97%,97%,87%,100%,100%,100%,100%,100%,100%,100%,100%,100%,100%,100%,100%,93%,100%,100%,100%,100%,100%,100%,,98.3%,Wind ORA dioffkan (data error),
27,AWS Degrean (STR I ) Stamet Fakfak,Stamet Fak fak,0%,0%,0%,0%,0%,0%,0%,0%,0%,0%,0%,0%,0%,0%,0%,0%,0%,0%,0%,0%,0%,0%,0%,0%,0%,0%,0%,0%,0%,0%,,0.0%,"PC AWS tidak dapat menyala, didiagnosis hardisk rusak dan/atau motherboard yang bermasalah. Kemungkinan disebabkan karena PC yang sudah tua dan digunakan secara terus menerus sejak AWS beroperasi di Stamet Fakfak",
28,AWS Degrean (STR I)Stamet Kaimana,Stamet Kaimana,100%,100%,100%,100%,100%,100%,100%,100%,100%,100%,100%,100%,100%,100%,100%,100%,100%,100%,100%,100%,100%,100%,100%,100%,100%,100%,100%,100%,100%,100%,,100.0%,,
29,AWS Digi Stamet Merauke,Stamet Merauke,97%,97%,97%,97%,97%,97%,97%,97%,97%,97%,97%,97%,97%,97%,97%,97%,97%,97%,97%,97%,97%,97%,97%,97%,97%,97%,97%,97%,97%,97%,,97.0%,,
30,AWS Degreane ( STR I ) Stamet Sarmi,Stamet Sarmi,73%,73%,73%,73%,73%,73%,73%,73%,73%,73%,73%,73%,73%,73%,73%,73%,73%,73%,73%,73%,73%,73%,73%,73%,73%,73%,73%,73%,73%,73%,,72.5%,"Sensor hujan error, arg tipping bucket rusak, display untuk parameter suhu tanah tidak muncul. Tanggal 10 Januari PC AWS mengalami reset sehingga data logger tidak dapat terintegrasi sistem dan display",
31,AWS Digi Stamet Sentani,Stamet Sentani,100%,100%,100%,100%,100%,100%,100%,100%,100%,100%,100%,100%,100%,100%,100%,100%,100%,100%,100%,100%,100%,100%,100%,100%,100%,100%,100%,100%,100%,100%,,100.0%,,
32,AWS Rekayasa Stamet Serui,Stamet Serui,96%,96%,96%,96%,96%,96%,96%,96%,96%,96%,96%,96%,96%,96%,96%,96%,96%,96%,96%,96%,96%,96%,96%,96%,96%,96%,96%,96%,96%,96%,,96.0%,Sensor pyranometer rusak,
33,AWS Digi Stamet Timika,Stamet Timika,93%,93%,93%,93%,93%,93%,93%,93%,93%,93%,93%,93%,93%,93%,93%,93%,93%,93%,93%,93%,93%,93%,93%,93%,93%,93%,93%,93%,93%,93%,,92.5%,"Sensor Suhu Air Rusak, menunggu suku cadang dari Pusat, dan Sensor Radiasi Matahari Nilai koreksi besar",
34,AWS  Degrean (STR I )Stamet Tanah Merah,Stamet Tanah Merah,73%,73%,73%,73%,73%,73%,73%,73%,73%,73%,73%,73%,73%,73%,73%,73%,73%,73%,73%,73%,73%,73%,73%,73%,73%,73%,73%,73%,73%,73%,,73.0%,"Tipping bucket rusak, sensor tidak membaca, kabel komunikasi dari logger (Taman Alat) ke Station sudah keropos sehingga terdapat noise yang menyebabkan komunikasi sering terputus, perlu penggantian Converter RS232 yang bagus, agar data yang dihasilkan bisa stabil",
35,AWS Digi Wamena.,Stamet Wamena,100%,100%,100%,100%,100%,100%,100%,100%,100%,100%,100%,100%,100%,100%,100%,100%,100%,100%,100%,100%,100%,100%,100%,100%,100%,100%,100%,100%,100%,100%,,100.0%,,
TOTAL PERSENTASE BULANAN,,,,,,,,,,,,,,,,,,,,,,,,,,,,,,,,,,90.0%,,
,,,,,,,,,,,,,,,,,,,,,,,,,,,,,,,,,,,,
,,,,,,,,,,,,,,,,,,,,,,,,,,,,,,,,,,,,
SERVICE LEVEL AGREEMENT ( SLA ) MONITORING DATA  AWS,,,,,,,,,,,,,,,,,,,,,,,,,,,,,,,,,,,,
BULAN JULI 2026,,,,,,,,,,,,,,,,,,,,,,,,,,,,,,,,,,,,
,,,,,,,,,,,,,,,,,,,,,,,,,,,,,,,,,,,,
No,Merk,Stasiun / PIC,Status,,,,,,,,,,,,,,,,,,,,,,,,,,,,,,,Persentase Aktif (%),KETERANGAN / PERMASALAHAN / MITIGASI,
,,,1,2,3,4,5,6,7,8,9,10,11,12,13,14,15,16,17,18,19,20,21,22,23,24,25,26,27,28,29,30,31,,,
1,AWS Rekayasa Balai V,Staklim Papua,ON,ON,ON,ON,ON,ON,ON,ON,ON,ON,ON,ON,ON,ON,ON,ON,ON,ON,ON,ON,ON,ON,ON,ON,ON,ON,ON,ON,ON,ON,ON,100.0%,,
2,AWS Nimboran Staklim Papua,,ON,ON,ON,ON,ON,ON,ON,ON,ON,ON,ON,ON,ON,ON,ON,ON,ON,ON,ON,ON,ON,ON,ON,ON,ON,ON,ON,ON,ON,ON,ON,100.0%,,
3,AWS  Rekayasa Arso,,ON,ON,ON,ON,ON,ON,ON,ON,ON,ON,ON,ON,ON,ON,ON,ON,ON,ON,ON,ON,ON,ON,ON,ON,ON,ON,ON,ON,ON,ON,ON,100.0%,,
4,AWS Supiori Timur,,OFF,ON,ON,ON,ON,ON,ON,ON,ON,ON,ON,ON,OFF,ON,ON,ON,ON,ON,OFF,ON,ON,ON,OFF,ON,ON,ON,OFF,ON,ON,ON,ON,83.9%,,
5,AWS Rekayasa Skouw.,,ON,ON,ON,ON,ON,ON,ON,ON,ON,ON,ON,ON,ON,ON,ON,ON,ON,ON,ON,ON,ON,ON,ON,ON,ON,ON,ON,ON,ON,ON,ON,100.0%,,
6,AWS IKRO Staklim Papua,,ON,ON,ON,ON,ON,ON,ON,ON,ON,ON,ON,ON,ON,ON,ON,ON,ON,ON,ON,ON,ON,ON,ON,ON,ON,ON,ON,ON,ON,ON,ON,100.0%,,
7,AAWS Koya Barat,,ON,ON,ON,ON,ON,ON,ON,ON,ON,ON,ON,ON,ON,ON,ON,ON,ON,ON,ON,ON,ON,ON,ON,ON,ON,ON,ON,ON,ON,ON,ON,100.0%,,
8,AWS GAW Vihara Klademark,Staklim Papua Barat,ON,ON,ON,ON,ON,ON,ON,ON,ON,ON,ON,ON,ON,ON,ON,ON,ON,ON,ON,ON,ON,ON,ON,ON,ON,ON,ON,ON,ON,ON,ON,100.0%,,
9,AWS Manokwari Selatan Rekayasa,,ON,ON,ON,ON,ON,ON,ON,ON,ON,ON,ON,ON,ON,ON,ON,ON,ON,ON,ON,ON,ON,ON,ON,ON,ON,ON,ON,ON,ON,ON,ON,100.0%,,
10,AWS Staklim Papua Barat,,ON,ON,ON,ON,ON,ON,ON,ON,ON,ON,ON,ON,ON,ON,ON,ON,ON,ON,ON,ON,ON,ON,ON,ON,ON,ON,ON,ON,ON,ON,ON,100.0%,,
11,AWS IKRO Staklim Papua Barat,,ON,ON,ON,ON,ON,ON,ON,ON,ON,ON,ON,ON,ON,ON,ON,ON,ON,ON,ON,ON,ON,ON,ON,ON,ON,ON,ON,ON,ON,ON,ON,100.0%,,
12,AWS Raisei,,ON,OFF,ON,ON,ON,OFF,ON,ON,ON,ON,ON,ON,ON,ON,ON,ON,ON,ON,ON,ON,ON,ON,ON,ON,ON,ON,OFF,OFF,OFF,OFF,OFF,77.4%,,
13,AWS Asiki,Staklim Papua Selatan,ON,ON,ON,ON,ON,ON,ON,ON,ON,ON,ON,ON,ON,ON,ON,ON,ON,ON,ON,ON,ON,ON,ON,ON,ON,ON,ON,ON,ON,ON,ON,100.0%,,
14,AAWS Staklim Tanah Miring,,ON,ON,ON,ON,ON,ON,ON,ON,ON,ON,ON,ON,ON,ON,ON,ON,ON,ON,ON,ON,ON,ON,ON,ON,ON,ON,ON,ON,ON,ON,ON,100.0%,,
15,AWS IKRO Staklim Tanah Miring,,ON,ON,ON,ON,ON,ON,ON,ON,ON,ON,ON,ON,ON,ON,ON,ON,ON,ON,ON,ON,ON,ON,ON,ON,ON,ON,ON,ON,ON,ON,ON,100.0%,,
16,AWS Digi Dok II.,Stamar Dok II,ON,ON,ON,ON,ON,ON,ON,ON,ON,ON,ON,ON,ON,ON,ON,ON,ON,ON,ON,ON,ON,ON,ON,ON,ON,ON,ON,ON,ON,ON,ON,100.0%,,
17,AWS Pelabuhan Jayapura,,ON,ON,ON,ON,ON,ON,ON,ON,ON,ON,ON,ON,ON,ON,ON,ON,ON,ON,ON,ON,ON,ON,ON,ON,ON,ON,ON,ON,ON,ON,ON,100.0%,,
18,AWS Stamet Enarotali,Stamet Enarotali,ON,ON,ON,ON,ON,ON,ON,ON,ON,ON,ON,ON,ON,ON,ON,ON,ON,ON,ON,ON,ON,ON,ON,ON,ON,ON,ON,ON,ON,ON,ON,100.0%,,
19,AWS Digi Stamet Enarotali,,ON,ON,ON,ON,ON,ON,ON,ON,ON,ON,ON,ON,ON,ON,ON,ON,ON,ON,ON,ON,ON,ON,ON,ON,ON,ON,ON,ON,ON,ON,ON,100.0%,,
20,AWS Degreane Stamet Manokwari ,Stamet Manokwari,ON,ON,ON,ON,ON,ON,ON,ON,ON,ON,ON,ON,ON,ON,ON,ON,ON,ON,ON,ON,ON,ON,ON,ON,ON,ON,ON,ON,ON,ON,ON,100.0%,Sensor suhu tanah rusak,
21,AWS Rekayasa Stamet Manokwari,,OFF,OFF,OFF,OFF,OFF,OFF,OFF,OFF,OFF,OFF,OFF,OFF,OFF,OFF,OFF,OFF,OFF,OFF,OFF,OFF,OFF,OFF,OFF,OFF,OFF,OFF,OFF,OFF,OFF,OFF,OFF,0.0%,"AWS on PC server sering mati dikarenakan pemadaman listrik tidak terdapat ups pada pc server maka sering dilakukan penghidupan pc secara manual, data miss. Data Logger off, saat diakses langsung ke laptop menggunakan Logger net data tidak muncul. Perlu penggantian data Logger.",
22,AWS Digi Stamet Sorong,Stamet Sorong,ON,ON,ON,ON,ON,ON,ON,ON,ON,ON,ON,ON,ON,ON,ON,ON,ON,ON,ON,ON,ON,ON,ON,ON,ON,ON,ON,ON,ON,ON,ON,100.0%,,
23,AWS Mesonet (STR I) Kab. Sorong,,ON,ON,ON,ON,ON,ON,ON,ON,ON,ON,ON,ON,ON,ON,ON,ON,ON,ON,ON,ON,ON,ON,ON,ON,ON,ON,ON,ON,ON,ON,ON,100.0%,,
24,AWS Pelabuhan Sorong,,ON,ON,ON,ON,ON,ON,ON,ON,ON,ON,ON,ON,ON,ON,ON,ON,ON,ON,ON,ON,ON,ON,ON,ON,ON,ON,ON,ON,ON,ON,ON,100.0%,,
25,AWS Digi Stamet Nabire,Stamet Nabire,ON,ON,ON,ON,ON,ON,ON,ON,ON,ON,ON,ON,ON,ON,ON,ON,ON,ON,ON,ON,ON,ON,ON,ON,ON,ON,ON,ON,ON,ON,ON,100.0%,,
26,AWS Digi Stamet Biak,Stamet Biak,ON,ON,ON,ON,ON,ON,ON,ON,ON,ON,ON,ON,ON,ON,ON,ON,ON,ON,ON,ON,ON,ON,ON,ON,ON,ON,ON,ON,ON,ON,ON,100.0%,,
27,AWS Degrean (STR I ) Stamet Fakfak,Stamet Fak fak,OFF,OFF,OFF,OFF,OFF,OFF,OFF,OFF,OFF,OFF,OFF,OFF,OFF,OFF,OFF,OFF,OFF,OFF,OFF,OFF,OFF,OFF,OFF,OFF,OFF,OFF,OFF,OFF,OFF,OFF,OFF,0.0%,"PC AWS tidak dapat menyala, didiagnosis hardisk rusak dan/atau motherboard yang bermasalah. Kemungkinan disebabkan karena PC yang sudah tua dan digunakan secara terus menerus sejak AWS beroperasi di Stamet Fakfak",
28,AWS Degrean (STR I)Stamet Kaimana,Stamet Kaimana,ON,ON,ON,ON,ON,ON,ON,ON,ON,ON,ON,ON,ON,ON,ON,ON,ON,ON,ON,ON,ON,ON,ON,ON,ON,ON,ON,ON,ON,ON,ON,100.0%,,
29,AWS Digi Stamet Merauke,Stamet Merauke,ON,ON,ON,ON,ON,ON,ON,ON,ON,ON,ON,ON,ON,ON,ON,ON,ON,ON,ON,ON,ON,ON,ON,ON,ON,ON,ON,ON,ON,ON,ON,100.0%,,
30,AWS Degreane ( STR I ) Stamet Sarmi,Stamet Sarmi,ON,ON,ON,ON,ON,ON,ON,ON,ON,ON,ON,ON,ON,ON,ON,ON,ON,ON,ON,ON,ON,ON,ON,ON,ON,ON,ON,ON,ON,ON,ON,100.0%,"Sensor hujan error, arg tipping bucket rusak, display untuk parameter suhu tanah tidak muncul. Tanggal 10 Januari PC AWS mengalami reset sehingga data logger tidak dapat terintegrasi sistem dan display",
31,AWS Digi Stamet Sentani,Stamet Sentani,ON,ON,ON,ON,ON,ON,ON,ON,ON,ON,ON,ON,ON,ON,ON,ON,ON,ON,ON,ON,ON,ON,ON,ON,ON,ON,ON,ON,ON,ON,ON,100.0%,,
32,AWS Rekayasa Stamet Serui,Stamet Serui,ON,ON,ON,ON,ON,ON,ON,ON,ON,ON,ON,ON,ON,ON,ON,ON,ON,ON,ON,ON,ON,ON,ON,ON,ON,ON,ON,ON,ON,ON,ON,100.0%,,
33,AWS Digi Stamet Timika,Stamet Timika,ON,ON,ON,ON,ON,ON,ON,ON,ON,ON,ON,ON,ON,ON,ON,ON,ON,ON,ON,ON,ON,ON,ON,ON,ON,ON,ON,ON,ON,ON,ON,100.0%,"Sensor Suhu Air Rusak, menunggu suku cadang dari Pusat, dan Sensor Radiasi Matahari Nilai koreksi besar",
34,AWS  Degrean (STR I )Stamet Tanah Merah,Stamet Tanah Merah,ON,ON,ON,ON,ON,ON,ON,ON,ON,ON,ON,ON,ON,ON,ON,ON,ON,ON,ON,ON,ON,ON,ON,ON,ON,ON,ON,ON,ON,ON,ON,100.0%,"Tipping bucket rusak, sensor tidak membaca, kabel komunikasi dari logger (Taman Alat) ke Station sudah keropos sehingga terdapat noise yang menyebabkan komunikasi sering terputus, perlu penggantian Converter RS232 yang bagus, agar data yang dihasilkan bisa stabil",
35,AWS Digi Wamena.,Stamet Wamena,ON,ON,ON,ON,ON,ON,ON,ON,ON,ON,ON,ON,ON,ON,ON,ON,ON,ON,ON,ON,ON,ON,ON,ON,ON,ON,ON,ON,ON,ON,ON,100.0%,,
TOTAL PERSENTASE BULANAN,,,,,,,,,,,,,,,,,,,,,,,,,,,,,,,,,,93.2%,,
,,,,,,,,,,,,,,,,,,,,,,,,,,,,,,,,,,,,
OPERATIONAL  LEVEL AGREEMENT ( OLA ) MONITORING DATA  AWS,,,,,,,,,,,,,,,,,,,,,,,,,,,,,,,,,,,,
BULAN JULI 2026,,,,,,,,,,,,,,,,,,,,,,,,,,,,,,,,,,,,
,,,,,,,,,,,,,,,,,,,,,,,,,,,,,,,,,,,,
No,Merk,Stasiun / PIC,Status,,,,,,,,,,,,,,,,,,,,,,,,,,,,,,,Persentase Aktif (%),KETERANGAN / PERMASALAHAN / MITIGASI,
,,,1,2,3,4,5,6,7,8,9,10,11,12,13,14,15,16,17,18,19,20,21,22,23,24,25,26,27,28,29,30,31,,,
1,AWS Rekayasa Balai V,Staklim Papua,99%,100%,100%,100%,100%,100%,100%,100%,100%,100%,100%,100%,100%,100%,100%,100%,100%,100%,100%,100%,100%,100%,100%,100%,100%,100%,100%,100%,100%,100%,100%,100.0%,,
2,AWS Nimboran Staklim Papua,,100%,100%,100%,100%,100%,100%,100%,100%,100%,100%,100%,100%,100%,100%,100%,100%,100%,100%,100%,100%,90%,100%,100%,100%,100%,100%,100%,100%,100%,100%,100%,99.7%,,
3,AWS  Rekayasa Arso,,99%,100%,100%,100%,100%,100%,100%,100%,100%,100%,100%,100%,100%,100%,100%,100%,100%,100%,100%,97%,100%,100%,100%,100%,100%,100%,100%,100%,100%,100%,99%,99.8%,,
4,AWS Supiori Timur,,0%,88%,100%,84%,0%,88%,100%,61%,0%,93%,100%,86%,0%,92%,92%,0%,90%,88%,0%,86%,100%,70%,0%,90%,92%,73%,0%,93%,100%,100%,80%,66.0%,,
5,AWS Rekayasa Skouw.,,99%,100%,100%,100%,100%,100%,100%,100%,100%,100%,100%,100%,100%,98%,100%,94%,100%,100%,100%,87%,100%,100%,100%,99%,100%,100%,100%,100%,100%,99%,100%,99.2%,,
6,AWS IKRO Staklim Papua,,100%,100%,100%,100%,100%,100%,100%,100%,100%,99%,90%,72%,95%,81%,96%,97%,92%,38%,6%,56%,80%,97%,98%,100%,92%,100%,50%,62%,87%,99%,100%,86.7%,,
7,AAWS Koya Barat,,100%,100%,100%,100%,100%,100%,100%,100%,100%,100%,100%,100%,100%,100%,100%,100%,100%,100%,100%,100%,100%,100%,100%,100%,100%,100%,100%,100%,100%,100%,100%,100.0%,,
8,AWS GAW Vihara Klademark,Staklim Papua Barat,99%,100%,100%,100%,100%,100%,100%,100%,100%,100%,100%,100%,100%,100%,100%,100%,100%,99%,100%,100%,100%,100%,100%,100%,100%,100%,100%,100%,100%,100%,100%,99.9%,,
9,AWS Manokwari Selatan Rekayasa,,99%,100%,100%,100%,100%,100%,100%,100%,100%,100%,100%,100%,100%,100%,100%,100%,100%,100%,100%,100%,100%,100%,100%,100%,100%,100%,100%,100%,100%,100%,100%,100.0%,,
10,AWS Staklim Papua Barat,,98%,100%,100%,100%,99%,100%,97%,98%,100%,100%,100%,100%,100%,96%,100%,100%,100%,91%,100%,100%,100%,99%,100%,100%,97%,100%,100%,100%,100%,95%,100%,99.0%,,
11,AWS IKRO Staklim Papua Barat,,100%,100%,100%,100%,100%,73%,59%,100%,100%,94%,100%,100%,99%,100%,100%,93%,84%,99%,100%,100%,98%,88%,99%,97%,84%,100%,100%,100%,96%,94%,63%,94.2%,,
12,AWS Raisei,,86%,0%,97%,100%,80%,0%,98%,100%,100%,47%,52%,67%,59%,74%,58%,70%,74%,79%,76%,77%,75%,79%,80%,100%,86%,63%,0%,0%,0%,0%,0%,60.5%,,
13,AWS Asiki,Staklim Papua Selatan,100%,100%,100%,100%,100%,100%,100%,100%,100%,100%,100%,100%,100%,100%,100%,100%,100%,100%,100%,100%,100%,100%,100%,100%,100%,100%,100%,98%,100%,100%,100%,99.9%,,
14,AAWS Staklim Tanah Miring,,100%,100%,100%,100%,100%,100%,100%,100%,100%,100%,100%,100%,100%,100%,100%,100%,100%,100%,100%,100%,100%,100%,100%,100%,100%,100%,100%,100%,100%,100%,100%,100.0%,,
15,AWS IKRO Staklim Tanah Miring,,100%,96%,98%,100%,98%,77%,83%,97%,97%,100%,90%,93%,100%,96%,90%,100%,94%,97%,89%,98%,98%,97%,96%,96%,90%,96%,99%,97%,100%,87%,97%,95.0%,,
16,AWS Digi Dok II.,Stamar Dok II,100%,100%,100%,100%,100%,100%,100%,100%,100%,100%,100%,100%,100%,100%,100%,100%,100%,100%,100%,100%,100%,100%,100%,100%,100%,100%,100%,100%,100%,100%,100%,100.0%,,
17,AWS Pelabuhan Jayapura,,96%,96%,96%,96%,96%,96%,96%,100%,100%,100%,100%,100%,100%,100%,100%,100%,100%,100%,100%,100%,100%,100%,100%,100%,100%,100%,100%,100%,100%,100%,100%,99.1%,Sensor wind evaporimeter bermasalah,
18,AWS Stamet Enarotali,Stamet Enarotali,100%,100%,100%,100%,100%,100%,100%,100%,100%,100%,100%,100%,100%,100%,100%,100%,100%,100%,100%,100%,100%,100%,100%,100%,100%,100%,100%,100%,100%,100%,100%,100.0%,,
19,AWS Digi Stamet Enarotali,,100%,100%,100%,100%,100%,100%,100%,100%,100%,100%,100%,100%,100%,100%,100%,100%,100%,100%,100%,100%,100%,100%,100%,100%,100%,100%,91%,100%,100%,100%,100%,99.7%,,
20,AWS Degreane Stamet Manokwari ,Stamet Manokwari,96%,96%,96%,96%,96%,96%,96%,96%,96%,96%,96%,96%,96%,96%,96%,96%,96%,96%,96%,96%,96%,96%,96%,96%,96%,96%,96%,96%,96%,96%,96%,96.0%,Sensor suhu tanah rusak,
21,AWS Rekayasa Stamet Manokwari,,50%,50%,50%,50%,50%,50%,50%,50%,50%,50%,50%,50%,50%,50%,50%,50%,50%,50%,50%,50%,50%,50%,50%,50%,50%,50%,50%,50%,50%,50%,50%,50.0%,"AWS on PC server sering mati dikarenakan pemadaman listrik tidak terdapat ups pada pc server maka sering dilakukan penghidupan pc secara manual, data miss. Data Logger off, saat diakses langsung ke laptop menggunakan Logger net data tidak muncul. Perlu penggantian data Logger.",
22,AWS Digi Stamet Sorong,Stamet Sorong,96%,96%,96%,96%,96%,96%,96%,96%,96%,96%,96%,96%,96%,96%,96%,96%,96%,96%,96%,96%,96%,96%,96%,96%,96%,96%,96%,96%,96%,96%,96%,96.3%,,
23,AWS Mesonet (STR I) Kab. Sorong,,100%,100%,100%,100%,100%,100%,100%,100%,100%,100%,100%,100%,100%,100%,100%,100%,100%,100%,100%,100%,100%,100%,100%,100%,100%,100%,100%,100%,100%,100%,100%,100.0%,,
24,AWS Pelabuhan Sorong,,100%,100%,100%,100%,100%,100%,100%,100%,100%,100%,100%,100%,100%,100%,100%,100%,100%,100%,100%,100%,100%,100%,100%,100%,100%,100%,100%,100%,100%,100%,100%,100.0%,,
25,AWS Digi Stamet Nabire,Stamet Nabire,97%,97%,97%,97%,97%,97%,97%,97%,97%,97%,97%,97%,97%,97%,97%,97%,97%,97%,97%,97%,97%,97%,97%,97%,97%,97%,97%,97%,97%,97%,97%,97.0%,"Sensor Water Level dan Temp Error (Sensor WT sedang dalam perjalanan, Sensor WL masih menunggu ketersediaan suku cadang di Inskal Pusat)",
26,AWS Digi Stamet Biak,Stamet Biak,97%,97%,97%,97%,97%,97%,97%,97%,97%,97%,97%,97%,97%,97%,97%,97%,97%,97%,97%,97%,97%,97%,97%,97%,88%,97%,97%,97%,97%,97%,97%,96.7%,Sensor Water Temp rusak,
27,AWS Degrean (STR I ) Stamet Fakfak,Stamet Fak fak,0%,0%,0%,0%,0%,0%,0%,0%,0%,0%,0%,0%,0%,0%,0%,0%,0%,0%,0%,0%,0%,0%,0%,0%,0%,0%,0%,0%,0%,0%,0%,0.0%,"PC AWS tidak dapat menyala, didiagnosis hardisk rusak dan/atau motherboard yang bermasalah. Kemungkinan disebabkan karena PC yang sudah tua dan digunakan secara terus menerus sejak AWS beroperasi di Stamet Fakfak",
28,AWS Degrean (STR I)Stamet Kaimana,Stamet Kaimana,100%,100%,100%,100%,100%,100%,100%,100%,100%,100%,100%,100%,100%,100%,100%,100%,100%,100%,100%,100%,100%,100%,100%,100%,100%,100%,100%,100%,100%,100%,100%,100.0%,,
29,AWS Digi Stamet Merauke,Stamet Merauke,97%,97%,97%,97%,97%,97%,97%,97%,97%,97%,97%,97%,97%,97%,97%,97%,97%,97%,97%,97%,97%,97%,97%,97%,97%,97%,97%,97%,97%,97%,97%,97.0%,,
30,AWS Degreane ( STR I ) Stamet Sarmi,Stamet Sarmi,73%,73%,73%,73%,73%,73%,73%,73%,73%,73%,73%,73%,73%,73%,73%,73%,73%,73%,73%,73%,73%,73%,73%,73%,73%,73%,73%,73%,73%,73%,73%,72.5%,"Sensor hujan error, arg tipping bucket rusak, display untuk parameter suhu tanah tidak muncul. Tanggal 10 Januari PC AWS mengalami reset sehingga data logger tidak dapat terintegrasi sistem dan display",
31,AWS Digi Stamet Sentani,Stamet Sentani,100%,100%,100%,100%,100%,100%,100%,100%,100%,100%,100%,100%,100%,100%,100%,100%,100%,100%,100%,100%,100%,100%,100%,100%,100%,100%,100%,100%,100%,100%,100%,100.0%,,
32,AWS Rekayasa Stamet Serui,Stamet Serui,96%,96%,96%,96%,96%,96%,96%,96%,96%,96%,96%,96%,96%,96%,96%,96%,96%,96%,96%,96%,96%,96%,96%,96%,96%,96%,96%,96%,96%,96%,96%,96.3%,Sensor pyranometer rusak,
33,AWS Digi Stamet Timika,Stamet Timika,93%,93%,93%,93%,93%,93%,93%,93%,93%,93%,93%,93%,93%,93%,93%,93%,93%,93%,93%,93%,93%,93%,93%,93%,93%,93%,93%,93%,93%,93%,93%,92.5%,"Sensor Suhu Air Rusak, menunggu suku cadang dari Pusat, dan Sensor Radiasi Matahari Nilai koreksi besar",
34,AWS  Degrean (STR I )Stamet Tanah Merah,Stamet Tanah Merah,73%,73%,73%,73%,73%,73%,73%,73%,73%,73%,73%,73%,73%,73%,73%,73%,73%,73%,73%,73%,73%,73%,73%,73%,73%,73%,73%,73%,73%,73%,73%,73.0%,"Tipping bucket rusak, sensor tidak membaca, kabel komunikasi dari logger (Taman Alat) ke Station sudah keropos sehingga terdapat noise yang menyebabkan komunikasi sering terputus, perlu penggantian Converter RS232 yang bagus, agar data yang dihasilkan bisa stabil",
35,AWS Digi Wamena.,Stamet Wamena,100%,100%,100%,100%,100%,100%,100%,100%,100%,100%,100%,100%,100%,100%,100%,100%,100%,100%,100%,100%,100%,100%,100%,100%,100%,100%,100%,100%,100%,100%,100%,100.0%,,
TOTAL PERSENTASE BULANAN,,,,,,,,,,,,,,,,,,,,,,,,,,,,,,,,,,90.5%,,
,,,,,,,,,,,,,,,,,,,,,,,,,,,,,,,,,,,,
,,,,,,,,,,,,,,,,,,,,,,,,,,,,,,,,,,,,
SERVICE LEVEL AGREEMENT ( SLA ) MONITORING DATA  AWS,,,,,,,,,,,,,,,,,,,,,,,,,,,,,,,,,,,,
BULAN AGUSTUS 2026,,,,,,,,,,,,,,,,,,,,,,,,,,,,,,,,,,,,
,,,,,,,,,,,,,,,,,,,,,,,,,,,,,,,,,,,,
No,Merk,Stasiun / PIC,Status,,,,,,,,,,,,,,,,,,,,,,,,,,,,,,,Persentase Aktif (%),KETERANGAN / PERMASALAHAN / MITIGASI,
,,,1,2,3,4,5,6,7,8,9,10,11,12,13,14,15,16,17,18,19,20,21,22,23,24,25,26,27,28,29,30,31,,,
1,AWS Rekayasa Balai V,Staklim Papua,ON,ON,ON,ON,ON,ON,ON,ON,ON,ON,ON,ON,ON,ON,ON,ON,ON,ON,ON,ON,ON,ON,ON,ON,ON,ON,ON,ON,ON,ON,ON,100.0%,,
2,AWS Nimboran Staklim Papua,,ON,ON,ON,ON,ON,ON,ON,ON,ON,ON,ON,ON,ON,ON,ON,ON,ON,ON,ON,ON,ON,ON,ON,ON,ON,ON,ON,ON,ON,ON,ON,100.0%,,
3,AWS  Rekayasa Arso,,ON,ON,ON,ON,ON,ON,ON,ON,ON,ON,ON,ON,ON,ON,ON,ON,ON,ON,ON,ON,ON,ON,ON,ON,ON,ON,ON,ON,ON,ON,ON,100.0%,,
4,AWS Supiori Timur,,ON,ON,ON,ON,ON,ON,ON,ON,ON,ON,ON,ON,ON,ON,ON,ON,ON,ON,ON,ON,ON,ON,ON,ON,ON,ON,ON,ON,ON,ON,ON,100.0%,,
5,AWS Rekayasa Skouw.,,ON,ON,ON,ON,ON,ON,ON,ON,ON,ON,ON,ON,ON,ON,ON,ON,ON,ON,ON,ON,ON,ON,ON,ON,ON,ON,ON,ON,ON,ON,ON,100.0%,,
6,AWS IKRO Staklim Papua,,ON,ON,ON,ON,ON,ON,ON,ON,ON,ON,ON,ON,ON,ON,ON,ON,ON,ON,ON,ON,ON,ON,ON,ON,ON,ON,ON,ON,ON,ON,ON,100.0%,,
7,AAWS Koya Barat,,ON,ON,ON,ON,ON,ON,ON,ON,ON,ON,ON,ON,ON,ON,ON,ON,ON,ON,ON,ON,ON,ON,ON,ON,ON,ON,ON,ON,ON,ON,ON,100.0%,,
8,AWS GAW Vihara Klademark,Staklim Papua Barat,ON,ON,ON,ON,ON,ON,ON,ON,ON,ON,ON,ON,ON,ON,ON,ON,ON,ON,ON,ON,ON,ON,ON,ON,ON,ON,ON,ON,ON,ON,ON,100.0%,,
9,AWS Manokwari Selatan Rekayasa,,ON,ON,ON,ON,ON,ON,ON,ON,ON,ON,ON,ON,ON,ON,ON,ON,ON,ON,ON,ON,ON,ON,ON,ON,ON,ON,ON,ON,ON,ON,ON,100.0%,,
10,AWS Staklim Papua Barat,,ON,ON,ON,ON,ON,ON,ON,ON,ON,ON,ON,ON,ON,ON,ON,ON,ON,ON,ON,ON,ON,ON,ON,ON,ON,ON,ON,ON,ON,ON,ON,100.0%,,
11,AWS IKRO Staklim Papua Barat,,ON,ON,ON,ON,ON,ON,ON,ON,ON,ON,ON,ON,ON,ON,ON,ON,ON,ON,ON,ON,ON,ON,ON,ON,ON,ON,ON,ON,ON,ON,ON,100.0%,,
12,AWS Raisei,,OFF,ON,ON,ON,ON,ON,ON,ON,ON,ON,ON,ON,ON,ON,ON,ON,ON,ON,ON,ON,ON,ON,ON,ON,ON,ON,ON,ON,ON,ON,ON,96.8%,,
13,AWS Asiki,Staklim Papua Selatan,ON,ON,ON,ON,ON,ON,ON,ON,ON,ON,ON,ON,ON,ON,ON,ON,ON,ON,ON,ON,ON,ON,ON,ON,ON,ON,ON,ON,ON,ON,ON,100.0%,,
14,AAWS Staklim Tanah Miring,,ON,ON,ON,ON,ON,ON,ON,ON,ON,ON,ON,ON,ON,ON,ON,ON,ON,ON,ON,ON,ON,ON,ON,ON,ON,ON,ON,ON,ON,ON,ON,100.0%,,
15,AWS IKRO Staklim Tanah Miring,,ON,ON,ON,ON,ON,ON,ON,ON,ON,ON,ON,ON,ON,ON,ON,ON,ON,ON,ON,ON,ON,ON,ON,ON,ON,ON,ON,ON,ON,ON,ON,100.0%,,
16,AWS Digi Dok II.,Stamar Dok II,ON,ON,ON,ON,ON,ON,ON,ON,ON,ON,ON,ON,ON,ON,ON,ON,ON,ON,ON,ON,ON,ON,ON,ON,ON,ON,ON,ON,ON,ON,ON,100.0%,,
17,AWS Pelabuhan Jayapura,,ON,ON,ON,ON,ON,ON,ON,ON,ON,ON,ON,ON,ON,ON,ON,ON,ON,ON,ON,ON,ON,ON,ON,ON,ON,ON,ON,ON,ON,ON,ON,100.0%,,
18,AWS Stamet Enarotali,Stamet Enarotali,ON,ON,ON,ON,ON,ON,ON,ON,ON,ON,ON,ON,ON,ON,ON,ON,ON,ON,ON,ON,ON,ON,ON,ON,ON,ON,ON,ON,ON,ON,ON,100.0%,,
19,AWS Digi Stamet Enarotali,,ON,ON,ON,ON,ON,ON,ON,ON,ON,ON,ON,ON,ON,ON,ON,ON,ON,ON,ON,ON,ON,ON,ON,ON,ON,ON,ON,ON,ON,ON,ON,100.0%,,
20,AWS Degreane Stamet Manokwari ,Stamet Manokwari,ON,ON,ON,ON,ON,ON,ON,ON,ON,ON,ON,ON,ON,ON,ON,ON,ON,ON,ON,ON,ON,ON,ON,ON,ON,ON,ON,ON,ON,ON,ON,100.0%,,
21,AWS Rekayasa Stamet Manokwari,,OFF,OFF,OFF,OFF,OFF,OFF,ON,ON,ON,ON,ON,ON,OFF,OFF,OFF,OFF,OFF,OFF,OFF,OFF,OFF,OFF,OFF,OFF,OFF,OFF,OFF,OFF,OFF,OFF,OFF,19.4%,Off karena baterai CMOS logger sudah under voltage. Menunggu data logger baru dari pusat. Sedang dikirim,
22,AWS Digi Stamet Sorong,Stamet Sorong,ON,ON,ON,ON,ON,ON,ON,ON,ON,ON,ON,ON,ON,ON,ON,ON,ON,ON,ON,ON,ON,ON,ON,ON,ON,ON,ON,ON,ON,ON,ON,100.0%,,
23,AWS Mesonet (STR I) Kab. Sorong,,ON,ON,ON,ON,ON,ON,ON,ON,ON,ON,ON,ON,ON,ON,ON,ON,ON,ON,ON,ON,ON,ON,ON,ON,ON,ON,ON,ON,ON,ON,ON,100.0%,,
24,AWS Pelabuhan Sorong,,ON,ON,ON,ON,ON,ON,ON,ON,ON,ON,ON,ON,ON,ON,ON,ON,ON,ON,ON,ON,ON,ON,ON,ON,ON,ON,ON,ON,ON,ON,ON,100.0%,,
25,AWS Digi Stamet Nabire,Stamet Nabire,ON,ON,ON,ON,ON,ON,ON,ON,ON,ON,ON,ON,ON,ON,ON,ON,ON,ON,ON,ON,ON,ON,ON,ON,ON,ON,ON,ON,ON,ON,ON,100.0%,,
26,AWS Digi Stamet Biak,Stamet Biak,ON,ON,ON,ON,ON,ON,ON,ON,ON,ON,ON,ON,ON,ON,ON,ON,ON,ON,ON,ON,ON,ON,ON,ON,ON,ON,ON,ON,ON,ON,ON,100.0%,,
27,AWS Degrean (STR I ) Stamet Fakfak,Stamet Fak fak,OFF,OFF,OFF,OFF,OFF,OFF,OFF,OFF,OFF,OFF,OFF,OFF,OFF,OFF,OFF,OFF,OFF,OFF,OFF,OFF,OFF,OFF,OFF,OFF,OFF,OFF,OFF,OFF,OFF,OFF,OFF,0.0%,Teknisi Balai agar koordinasi dengan teknis fakfak utk dilaporkan kendala OFF/0%,
28,AWS Degrean (STR I)Stamet Kaimana,Stamet Kaimana,ON,ON,ON,ON,ON,ON,ON,ON,ON,ON,ON,ON,ON,ON,ON,ON,ON,ON,ON,ON,ON,ON,ON,ON,ON,ON,ON,ON,ON,ON,ON,100.0%,,
29,AWS Digi Stamet Merauke,Stamet Merauke,ON,ON,ON,ON,ON,ON,ON,ON,ON,ON,ON,ON,ON,ON,ON,ON,ON,ON,ON,ON,ON,ON,ON,ON,ON,ON,ON,ON,ON,ON,ON,100.0%,,
30,AWS Degreane ( STR I ) Stamet Sarmi,Stamet Sarmi,ON,ON,ON,ON,ON,ON,ON,ON,ON,ON,ON,ON,ON,ON,ON,ON,ON,ON,ON,ON,ON,ON,ON,ON,ON,ON,ON,ON,ON,ON,ON,100.0%,"Sensor hujan error, arg tipping bucket rusak, display untuk parameter suhu tanah tidak muncul. Tanggal 10 Januari PC AWS mengalami reset sehingga data logger tidak dapat terintegrasi sistem dan display",
31,AWS Digi Stamet Sentani,Stamet Sentani,ON,ON,ON,ON,ON,ON,ON,ON,ON,ON,ON,ON,ON,ON,ON,ON,ON,ON,ON,ON,ON,ON,ON,ON,ON,ON,ON,ON,ON,ON,ON,100.0%,,
32,AWS Rekayasa Stamet Serui,Stamet Serui,ON,ON,ON,ON,ON,ON,ON,ON,ON,ON,ON,ON,ON,ON,ON,ON,ON,ON,ON,ON,ON,ON,ON,ON,ON,ON,ON,ON,ON,ON,ON,100.0%,,
33,AWS Digi Stamet Timika,Stamet Timika,ON,ON,ON,ON,ON,ON,ON,ON,ON,ON,ON,ON,ON,ON,ON,ON,ON,ON,ON,ON,ON,ON,ON,ON,ON,ON,ON,ON,ON,ON,ON,100.0%,Sensor Radiasi Matahari Nilai koreksi besar,
34,AWS  Degrean (STR I )Stamet Tanah Merah,Stamet Tanah Merah,ON,ON,ON,ON,ON,ON,ON,ON,ON,ON,ON,ON,ON,ON,ON,ON,ON,ON,ON,ON,ON,ON,ON,ON,ON,ON,ON,ON,ON,ON,ON,100.0%,"Tipping bucket rusak, sensor tidak membaca, kabel komunikasi dari logger (Taman Alat) ke Station sudah keropos sehingga terdapat noise yang menyebabkan komunikasi sering terputus, perlu penggantian Converter RS232 yang bagus, agar data yang dihasilkan bisa stabil",
35,AWS Digi Wamena.,Stamet Wamena,ON,ON,ON,ON,ON,ON,ON,ON,ON,ON,ON,ON,ON,ON,ON,ON,ON,ON,ON,ON,ON,ON,ON,ON,ON,ON,ON,ON,ON,ON,ON,100.0%,,
TOTAL PERSENTASE BULANAN,,,,,,,,,,,,,,,,,,,,,,,,,,,,,,,,,,94.7%,,
,,,,,,,,,,,,,,,,,,,,,,,,,,,,,,,,,,,,
OPERATIONAL  LEVEL AGREEMENT ( OLA ) MONITORING DATA  AWS,,,,,,,,,,,,,,,,,,,,,,,,,,,,,,,,,,,,
BULAN AGUSTUS 2026,,,,,,,,,,,,,,,,,,,,,,,,,,,,,,,,,,,,
,,,,,,,,,,,,,,,,,,,,,,,,,,,,,,,,,,,,
No,Merk,Stasiun / PIC,Status,,,,,,,,,,,,,,,,,,,,,,,,,,,,,,,Persentase Aktif (%),KETERANGAN / PERMASALAHAN / MITIGASI,
,,,1,2,3,4,5,6,7,8,9,10,11,12,13,14,15,16,17,18,19,20,21,22,23,24,25,26,27,28,29,30,31,,,
1,AWS Rekayasa Balai V,Staklim Papua,99%,100%,100%,100%,100%,100%,100%,100%,100%,100%,100%,100%,100%,100%,100%,100%,100%,100%,100%,100%,100%,100%,100%,100%,100%,100%,100%,100%,100%,100%,100%,100.0%,,
2,AWS Nimboran Staklim Papua,,100%,100%,100%,100%,100%,100%,100%,100%,100%,100%,100%,100%,100%,100%,100%,100%,100%,100%,100%,100%,100%,100%,100%,100%,100%,100%,100%,100%,100%,100%,100%,100.0%,,
3,AWS  Rekayasa Arso,,99%,100%,100%,97%,100%,100%,100%,100%,100%,100%,99%,100%,100%,100%,99%,100%,100%,100%,100%,99%,100%,100%,100%,100%,100%,100%,100%,100%,100%,98%,100%,99.7%,,
4,AWS Supiori Timur,,0%,83%,100%,85%,0%,91%,100%,100%,100%,0%,93%,100%,100%,100%,67%,86%,100%,100%,79%,86%,100%,100%,100%,100%,100%,100%,100%,100%,75%,88%,100%,84.9%,,
5,AWS Rekayasa Skouw.,,99%,100%,100%,99%,100%,100%,100%,100%,100%,100%,100%,100%,100%,100%,100%,100%,100%,100%,100%,100%,100%,100%,100%,100%,100%,100%,100%,100%,97%,99%,100%,99.8%,,
6,AWS IKRO Staklim Papua,,100%,100%,100%,100%,100%,100%,100%,100%,98%,100%,100%,97%,100%,99%,99%,100%,100%,100%,100%,95%,100%,100%,100%,100%,100%,100%,100%,100%,90%,100%,100%,99.3%,,
7,AAWS Koya Barat,,100%,100%,100%,100%,100%,100%,100%,100%,100%,100%,100%,100%,100%,100%,100%,100%,100%,100%,100%,100%,100%,100%,100%,100%,100%,100%,100%,100%,100%,100%,100%,100.0%,,
8,AWS GAW Vihara Klademark,Staklim Papua Barat,99%,100%,100%,100%,100%,100%,100%,100%,100%,100%,100%,100%,100%,100%,100%,100%,100%,100%,100%,100%,100%,100%,100%,100%,100%,100%,100%,100%,100%,100%,99%,99.9%,,
9,AWS Manokwari Selatan Rekayasa,,99%,100%,100%,100%,100%,100%,100%,100%,100%,100%,100%,100%,100%,100%,100%,100%,100%,100%,100%,100%,100%,100%,100%,100%,100%,100%,100%,100%,100%,100%,100%,100.0%,,
10,AWS Staklim Papua Barat,,99%,99%,100%,100%,100%,100%,98%,100%,99%,100%,100%,100%,100%,99%,100%,100%,100%,99%,100%,93%,100%,98%,100%,100%,97%,100%,100%,100%,99%,100%,100%,99.4%,,
11,AWS IKRO Staklim Papua Barat,,100%,100%,100%,100%,67%,100%,100%,100%,100%,96%,100%,100%,100%,100%,100%,97%,100%,100%,100%,84%,97%,86%,99%,100%,100%,91%,97%,100%,95%,91%,93%,96.5%,,
12,AWS Raisei,,0%,49%,100%,100%,100%,100%,100%,100%,100%,100%,100%,88%,100%,100%,100%,100%,100%,100%,100%,100%,100%,100%,100%,100%,100%,100%,90%,85%,60%,84%,77%,91.4%,,
13,AWS Asiki,Staklim Papua Selatan,100%,100%,100%,100%,99%,99%,100%,100%,100%,100%,100%,100%,100%,98%,100%,100%,100%,100%,100%,100%,99%,100%,100%,100%,100%,100%,100%,100%,100%,100%,100%,99.8%,,
14,AAWS Staklim Tanah Miring,,100%,100%,100%,100%,100%,100%,100%,100%,100%,100%,100%,100%,100%,100%,100%,100%,100%,100%,100%,100%,100%,100%,100%,100%,100%,100%,100%,100%,100%,100%,100%,100.0%,,
15,AWS IKRO Staklim Tanah Miring,,63%,34%,93%,100%,97%,97%,93%,97%,99%,94%,99%,100%,99%,97%,52%,12%,3%,100%,95%,98%,97%,100%,97%,100%,86%,97%,100%,95%,87%,61%,97%,85.1%,,
16,AWS Digi Dok II.,Stamar Dok II,100%,100%,100%,100%,100%,100%,100%,100%,100%,100%,100%,100%,100%,100%,100%,100%,100%,100%,100%,100%,100%,100%,100%,100%,100%,100%,100%,100%,100%,100%,100%,100.0%,,
17,AWS Pelabuhan Jayapura,,100%,100%,100%,100%,100%,100%,100%,100%,100%,100%,100%,100%,100%,100%,100%,100%,100%,100%,100%,100%,100%,100%,100%,100%,100%,100%,100%,100%,100%,100%,100%,100.0%,,
18,AWS Stamet Enarotali,Stamet Enarotali,100%,100%,100%,100%,100%,100%,100%,100%,100%,100%,100%,100%,100%,100%,100%,100%,100%,100%,100%,100%,100%,100%,100%,100%,100%,100%,100%,100%,100%,100%,100%,100.0%,,
19,AWS Digi Stamet Enarotali,,93%,100%,100%,100%,100%,100%,100%,100%,100%,100%,100%,100%,100%,100%,100%,100%,100%,100%,100%,100%,99%,100%,100%,100%,100%,100%,100%,100%,100%,100%,100%,99.7%,,
20,AWS Degreane Stamet Manokwari ,Stamet Manokwari,96%,96%,96%,96%,96%,96%,96%,96%,96%,96%,96%,96%,96%,96%,96%,96%,96%,96%,96%,96%,96%,96%,96%,96%,96%,96%,96%,96%,96%,96%,96%,96.0%,,
21,AWS Rekayasa Stamet Manokwari,,50%,50%,50%,50%,50%,50%,88%,88%,88%,88%,88%,53%,53%,53%,53%,53%,53%,53%,53%,53%,53%,53%,53%,53%,53%,53%,53%,53%,53%,53%,53%,58.1%,Off karena baterai CMOS logger sudah under voltage. Menunggu data logger baru dari pusat. Sedang dikirim,
22,AWS Digi Stamet Sorong,Stamet Sorong,96%,96%,96%,96%,96%,96%,96%,96%,96%,96%,96%,96%,96%,96%,96%,96%,96%,96%,96%,96%,96%,96%,96%,96%,96%,96%,96%,96%,96%,96%,96%,96.3%,,
23,AWS Mesonet (STR I) Kab. Sorong,,100%,100%,100%,100%,100%,100%,100%,100%,100%,100%,100%,100%,100%,100%,100%,100%,100%,100%,100%,100%,100%,100%,100%,100%,100%,100%,100%,100%,100%,100%,100%,100.0%,,
24,AWS Pelabuhan Sorong,,100%,100%,100%,100%,100%,100%,100%,100%,100%,100%,100%,100%,100%,100%,100%,100%,100%,100%,100%,100%,100%,100%,100%,100%,100%,100%,100%,100%,100%,100%,100%,100.0%,,
25,AWS Digi Stamet Nabire,Stamet Nabire,97%,97%,97%,97%,97%,97%,97%,97%,97%,97%,97%,97%,97%,97%,97%,97%,97%,97%,97%,97%,97%,97%,97%,97%,97%,97%,97%,97%,97%,97%,97%,97.0%,Sensor Water Level dan Temp Error (Sensor masih menunggu ketersediaan suku cadang di Inskal Pusat),
26,AWS Digi Stamet Biak,Stamet Biak,97%,97%,97%,97%,98%,100%,100%,100%,100%,100%,100%,100%,100%,100%,100%,100%,100%,100%,100%,100%,100%,100%,100%,100%,100%,100%,100%,100%,100%,100%,100%,99.5%,Tgl 06 Agustus dilakukan penggantian sensor WT,
27,AWS Degrean (STR I ) Stamet Fakfak,Stamet Fak fak,0%,0%,0%,0%,0%,0%,0%,0%,0%,0%,0%,0%,0%,0%,0%,0%,0%,0%,0%,0%,0%,0%,0%,0%,0%,0%,0%,0%,0%,0%,0%,0.0%,PC SERVER AWS RUSAK,
28,AWS Degrean (STR I)Stamet Kaimana,Stamet Kaimana,100%,100%,100%,100%,100%,100%,100%,100%,100%,100%,100%,100%,100%,100%,100%,100%,100%,100%,100%,100%,100%,100%,100%,100%,100%,100%,100%,100%,100%,100%,100%,100.0%,,
29,AWS Digi Stamet Merauke,Stamet Merauke,97%,97%,97%,97%,97%,97%,97%,97%,97%,97%,97%,97%,97%,97%,97%,97%,97%,97%,97%,97%,97%,97%,97%,97%,97%,97%,97%,97%,97%,97%,97%,97.0%,,
30,AWS Degreane ( STR I ) Stamet Sarmi,Stamet Sarmi,73%,73%,73%,73%,73%,73%,73%,73%,73%,73%,73%,73%,73%,73%,73%,73%,73%,73%,73%,73%,73%,73%,73%,73%,73%,73%,73%,73%,73%,73%,73%,72.5%,"Sensor hujan error, arg tipping bucket rusak, display untuk parameter suhu tanah tidak muncul. Tanggal 10 Januari PC AWS mengalami reset sehingga data logger tidak dapat terintegrasi sistem dan display",
31,AWS Digi Stamet Sentani,Stamet Sentani,100%,100%,100%,100%,100%,100%,100%,100%,100%,100%,100%,100%,100%,100%,100%,100%,100%,100%,100%,100%,100%,100%,100%,100%,100%,100%,100%,100%,100%,100%,100%,100.0%,,
32,AWS Rekayasa Stamet Serui,Stamet Serui,96%,96%,96%,96%,96%,96%,96%,96%,96%,96%,96%,96%,96%,96%,96%,96%,96%,96%,96%,96%,96%,96%,96%,96%,96%,96%,96%,96%,96%,96%,96%,96.3%,Sensor pyranometer rusak,
33,AWS Digi Stamet Timika,Stamet Timika,93%,93%,93%,93%,93%,96%,96%,96%,96%,96%,96%,96%,96%,96%,96%,96%,96%,96%,96%,96%,96%,96%,96%,96%,96%,96%,96%,96%,96%,96%,96%,95.7%,Sensor Radiasi Matahari Nilai koreksi besar,
34,AWS  Degrean (STR I )Stamet Tanah Merah,Stamet Tanah Merah,73%,73%,73%,73%,73%,73%,73%,73%,73%,73%,73%,73%,73%,73%,73%,73%,73%,73%,73%,73%,73%,73%,73%,73%,73%,73%,73%,73%,73%,73%,73%,73.0%,"Tipping bucket rusak, sensor tidak membaca, kabel komunikasi dari logger (Taman Alat) ke Station sudah keropos sehingga terdapat noise yang menyebabkan komunikasi sering terputus, perlu penggantian Converter RS232 yang bagus, agar data yang dihasilkan bisa stabil",
35,AWS Digi Wamena.,Stamet Wamena,100%,100%,100%,100%,100%,100%,100%,100%,100%,100%,100%,100%,100%,100%,100%,100%,100%,100%,100%,100%,100%,100%,100%,100%,100%,100%,100%,100%,100%,100%,100%,100.0%,,
TOTAL PERSENTASE BULANAN,,,,,,,,,,,,,,,,,,,,,,,,,,,,,,,,,,92.5%,,
,,,,,,,,,,,,,,,,,,,,,,,,,,,,,,,,,,,,
,,,,,,,,,,,,,,,,,,,,,,,,,,,,,,,,,,,,
SERVICE LEVEL AGREEMENT ( SLA ) MONITORING DATA  AWS,,,,,,,,,,,,,,,,,,,,,,,,,,,,,,,,,,,,
BULAN SEPTEMBER 2026,,,,,,,,,,,,,,,,,,,,,,,,,,,,,,,,,,,,
,,,,,,,,,,,,,,,,,,,,,,,,,,,,,,,,,,,,
No,Merk,Stasiun / PIC,Status,,,,,,,,,,,,,,,,,,,,,,,,,,,,,,,Persentase Aktif (%),KETERANGAN / PERMASALAHAN / MITIGASI,
,,,1,2,3,4,5,6,7,8,9,10,11,12,13,14,15,16,17,18,19,20,21,22,23,24,25,26,27,28,29,30,-,,,
1,AWS Rekayasa Balai V,Staklim Papua,ON,ON,ON,ON,ON,ON,ON,ON,ON,ON,ON,ON,ON,ON,ON,ON,ON,ON,ON,ON,ON,ON,ON,ON,ON,ON,ON,ON,ON,ON,,100.0%,,
2,AWS Nimboran Staklim Papua,,ON,ON,ON,ON,ON,ON,ON,ON,ON,ON,ON,ON,ON,ON,ON,ON,ON,ON,ON,ON,ON,ON,ON,ON,ON,ON,ON,ON,ON,ON,,100.0%,,
3,AWS  Rekayasa Arso,,ON,ON,ON,ON,ON,ON,ON,ON,ON,ON,ON,ON,ON,ON,ON,ON,ON,ON,ON,ON,ON,ON,ON,ON,ON,ON,ON,ON,ON,ON,,100.0%,,
4,AWS Supiori Timur,,ON,ON,ON,ON,ON,ON,ON,ON,ON,ON,ON,ON,ON,ON,ON,ON,ON,ON,ON,ON,ON,ON,ON,ON,ON,ON,ON,ON,ON,ON,,100.0%,,
5,AWS Rekayasa Skouw.,,ON,ON,ON,ON,ON,ON,ON,ON,ON,ON,ON,ON,ON,ON,ON,ON,ON,ON,ON,ON,ON,ON,ON,ON,ON,ON,ON,ON,ON,ON,,100.0%,,
6,AWS IKRO Staklim Papua,,ON,ON,ON,ON,ON,ON,ON,ON,ON,ON,ON,ON,ON,ON,ON,ON,ON,ON,ON,ON,ON,ON,ON,ON,ON,ON,ON,ON,ON,ON,,100.0%,,
7,AAWS Koya Barat,,ON,ON,ON,ON,ON,ON,ON,ON,ON,ON,ON,ON,ON,ON,ON,OFF,OFF,OFF,OFF,ON,ON,OFF,ON,OFF,OFF,OFF,OFF,OFF,OFF,OFF,,60.0%,kendala catudaya,
8,AWS GAW Vihara Klademark,Staklim Papua Barat,ON,ON,ON,ON,ON,ON,ON,ON,ON,ON,ON,ON,ON,ON,ON,ON,ON,ON,ON,ON,ON,ON,ON,ON,ON,ON,ON,ON,ON,ON,,100.0%,,
9,AWS Manokwari Selatan Rekayasa,,ON,ON,ON,ON,ON,ON,ON,ON,ON,ON,ON,ON,ON,ON,ON,ON,ON,ON,ON,ON,ON,ON,ON,ON,ON,ON,ON,ON,ON,ON,,100.0%,,
10,AWS Staklim Papua Barat,,ON,ON,ON,ON,ON,ON,ON,ON,ON,ON,ON,ON,ON,ON,ON,ON,ON,ON,ON,ON,ON,ON,ON,ON,ON,ON,ON,ON,ON,ON,,100.0%,,
11,AWS IKRO Staklim Papua Barat,,ON,ON,ON,ON,ON,ON,ON,ON,ON,ON,ON,ON,ON,ON,ON,ON,ON,ON,ON,ON,ON,ON,ON,ON,ON,ON,ON,ON,ON,ON,,100.0%,,
12,AWS Raisei,,ON,ON,ON,ON,ON,ON,ON,ON,ON,ON,ON,ON,ON,ON,ON,ON,ON,ON,ON,ON,ON,ON,ON,ON,ON,ON,ON,ON,ON,ON,,100.0%,,
13,AWS Asiki,Staklim Papua Selatan,ON,ON,ON,ON,ON,ON,ON,ON,ON,ON,ON,ON,ON,ON,ON,ON,ON,ON,ON,ON,ON,ON,ON,ON,ON,ON,ON,ON,ON,ON,,100.0%,,
14,AAWS Staklim Tanah Miring,,ON,ON,ON,ON,ON,ON,ON,ON,ON,ON,ON,ON,ON,ON,ON,ON,ON,ON,ON,ON,ON,ON,ON,ON,ON,ON,ON,ON,ON,ON,,100.0%,Diperlukan penggantian Piranometer,
15,AWS IKRO Staklim Tanah Miring,,ON,ON,ON,ON,ON,ON,ON,ON,ON,ON,ON,ON,ON,ON,ON,ON,ON,ON,ON,ON,ON,ON,ON,ON,ON,ON,ON,ON,ON,ON,,100.0%,,
16,AWS Digi Dok II.,Stamar Dok II,ON,ON,ON,ON,ON,ON,ON,ON,ON,ON,ON,ON,ON,ON,ON,ON,ON,ON,ON,ON,ON,ON,ON,ON,ON,ON,ON,ON,ON,ON,,100.0%,Sensor wind evaporimeter bermasalah,
17,AWS Pelabuhan Jayapura,,ON,ON,ON,ON,ON,ON,ON,ON,ON,ON,ON,ON,ON,ON,ON,ON,ON,ON,ON,ON,ON,ON,ON,ON,ON,ON,ON,ON,ON,ON,,100.0%,,
18,AWS Stamet Enarotali,Stamet Enarotali,ON,ON,ON,ON,ON,ON,ON,ON,ON,ON,ON,ON,ON,ON,ON,ON,ON,ON,ON,ON,ON,ON,ON,ON,ON,ON,ON,ON,ON,ON,,100.0%,,
19,AWS Digi Stamet Enarotali,,ON,ON,ON,ON,ON,ON,ON,ON,ON,ON,ON,ON,ON,ON,ON,ON,ON,ON,ON,ON,ON,ON,ON,ON,ON,ON,ON,ON,ON,ON,,100.0%,,
20,AWS Degreane Stamet Manokwari ,Stamet Manokwari,ON,ON,ON,ON,ON,ON,ON,ON,ON,ON,ON,ON,ON,ON,ON,ON,ON,ON,ON,ON,ON,ON,ON,ON,ON,ON,ON,ON,ON,ON,,100.0%,,
21,AWS Rekayasa Stamet Manokwari,,OFF,OFF,OFF,OFF,OFF,OFF,OFF,OFF,OFF,OFF,OFF,OFF,OFF,OFF,OFF,OFF,OFF,OFF,OFF,OFF,OFF,OFF,OFF,OFF,OFF,OFF,OFF,OFF,OFF,OFF,,0.0%,Off karena baterai CMOS logger sudah under voltage. Menunggu data logger baru dari pusat. Sedang dikirim,
22,AWS Digi Stamet Sorong,Stamet Sorong,ON,ON,ON,ON,ON,ON,ON,ON,ON,ON,ON,ON,ON,ON,ON,ON,ON,ON,ON,ON,ON,ON,ON,ON,ON,ON,ON,ON,ON,ON,,100.0%,Sensor Suhu Error,
23,AWS Mesonet (STR I) Kab. Sorong,,ON,ON,ON,ON,ON,ON,ON,ON,ON,ON,ON,ON,ON,ON,ON,ON,ON,ON,ON,ON,ON,ON,ON,ON,ON,ON,ON,ON,ON,ON,,100.0%,,
24,AWS Pelabuhan Sorong,,ON,ON,ON,ON,ON,ON,ON,ON,ON,ON,ON,ON,ON,ON,ON,ON,ON,ON,ON,ON,ON,ON,ON,ON,ON,ON,ON,ON,ON,ON,,100.0%,,
25,AWS Digi Stamet Nabire,Stamet Nabire,ON,ON,ON,ON,ON,ON,ON,ON,ON,ON,ON,ON,ON,ON,ON,ON,ON,ON,ON,ON,ON,ON,ON,ON,ON,ON,ON,ON,ON,ON,,100.0%,Sensor Water Level dan Temp Error (Sensor masih menunggu ketersediaan suku cadang di Inskal Pusat),
26,AWS Digi Stamet Biak,Stamet Biak,ON,ON,ON,ON,ON,ON,ON,ON,ON,ON,ON,ON,ON,ON,ON,ON,ON,ON,ON,ON,ON,ON,ON,ON,ON,ON,ON,ON,ON,ON,,100.0%,,
27,AWS Degrean (STR I ) Stamet Fakfak,Stamet Fak fak,OFF,OFF,OFF,OFF,OFF,OFF,OFF,OFF,OFF,OFF,OFF,OFF,OFF,OFF,OFF,OFF,OFF,OFF,OFF,OFF,OFF,OFF,OFF,OFF,OFF,OFF,OFF,OFF,OFF,OFF,,0.0%,PC SERVER AWS RUSAK,
28,AWS Degrean (STR I)Stamet Kaimana,Stamet Kaimana,ON,ON,ON,ON,ON,ON,ON,ON,ON,ON,ON,ON,ON,ON,ON,ON,ON,ON,ON,ON,ON,ON,ON,ON,ON,ON,ON,ON,ON,ON,,100.0%,,
29,AWS Digi Stamet Merauke,Stamet Merauke,ON,ON,ON,ON,ON,ON,ON,ON,ON,ON,ON,ON,ON,ON,ON,ON,ON,ON,ON,ON,ON,ON,ON,ON,ON,ON,ON,ON,ON,ON,,100.0%,,
30,AWS Degreane ( STR I ) Stamet Sarmi,Stamet Sarmi,ON,ON,ON,ON,ON,ON,ON,ON,ON,ON,ON,ON,ON,ON,ON,ON,ON,ON,ON,ON,ON,ON,ON,ON,ON,ON,ON,ON,ON,ON,,100.0%,"Rusak Sedang, 
1. Sensor hujan error, ARG Tipping Bucket rusak
2. Display untuk parameter suhu tanah tidak muncul. 
3. Tanggal 10 Januari PC AWS Degreane mengalami reset sehingga data logger tidak dapat terintegrasi sistem dan display",
31,AWS Digi Stamet Sentani,Stamet Sentani,ON,ON,ON,ON,ON,ON,ON,ON,ON,ON,ON,ON,ON,ON,ON,ON,ON,ON,ON,ON,ON,ON,ON,ON,ON,ON,ON,ON,ON,ON,,100.0%,,
32,AWS Rekayasa Stamet Serui,Stamet Serui,ON,ON,ON,ON,ON,ON,ON,ON,ON,ON,ON,ON,ON,ON,ON,ON,ON,ON,ON,ON,ON,ON,ON,ON,ON,ON,ON,ON,ON,ON,,100.0%,,
33,AWS Digi Stamet Timika,Stamet Timika,ON,ON,ON,ON,ON,ON,ON,ON,ON,ON,ON,ON,ON,ON,ON,ON,ON,ON,ON,ON,ON,ON,ON,ON,ON,ON,ON,ON,ON,ON,,100.0%,,
34,AWS  Degrean (STR I )Stamet Tanah Merah,Stamet Tanah Merah,ON,ON,ON,ON,ON,ON,ON,ON,ON,ON,ON,ON,ON,ON,ON,ON,ON,ON,ON,ON,ON,ON,ON,ON,ON,ON,ON,ON,ON,ON,,100.0%,"Tipping bucket rusak, sensor tidak membaca, kabel komunikasi dari logger (Taman Alat) ke Station sudah keropos sehingga terdapat noise yang menyebabkan komunikasi sering terputus, perlu penggantian Converter RS232 yang bagus, agar data yang dihasilkan bisa stabil",
35,AWS Digi Wamena.,Stamet Wamena,ON,ON,ON,ON,ON,ON,ON,ON,ON,ON,ON,ON,ON,ON,ON,ON,ON,ON,ON,ON,ON,ON,ON,ON,ON,ON,ON,ON,ON,ON,,100.0%,,
TOTAL PERSENTASE BULANAN,,,,,,,,,,,,,,,,,,,,,,,,,,,,,,,,,,93.1%,,
,,,,,,,,,,,,,,,,,,,,,,,,,,,,,,,,,,,,
OPERATIONAL  LEVEL AGREEMENT ( OLA ) MONITORING DATA  AWS,,,,,,,,,,,,,,,,,,,,,,,,,,,,,,,,,,,,
BULAN SEPTEMBER 2026,,,,,,,,,,,,,,,,,,,,,,,,,,,,,,,,,,,,
,,,,,,,,,,,,,,,,,,,,,,,,,,,,,,,,,,,,
No,Merk,Stasiun / PIC,Status,,,,,,,,,,,,,,,,,,,,,,,,,,,,,,,Persentase Aktif (%),KETERANGAN / PERMASALAHAN / MITIGASI,
,,,1,2,3,4,5,6,7,8,9,10,11,12,13,14,15,16,17,18,19,20,21,22,23,24,25,26,27,28,29,30,31,,,
1,AWS Rekayasa Balai V,Staklim Papua,99%,100%,100%,100%,100%,100%,100%,100%,100%,100%,100%,100%,100%,100%,100%,100%,100%,100%,99%,100%,100%,100%,100%,100%,100%,100%,100%,100%,100%,100%,,99.9%,,
2,AWS Nimboran Staklim Papua,,100%,100%,100%,100%,100%,99%,100%,100%,100%,100%,100%,100%,100%,100%,100%,100%,100%,100%,100%,100%,100%,100%,100%,100%,100%,100%,100%,100%,100%,100%,,100.0%,,
3,AWS  Rekayasa Arso,,98%,100%,99%,100%,99%,100%,100%,100%,100%,100%,100%,100%,100%,97%,100%,100%,100%,100%,100%,99%,100%,100%,100%,100%,100%,100%,100%,100%,100%,100%,,99.7%,,
4,AWS Supiori Timur,,100%,100%,100%,100%,100%,100%,100%,100%,100%,100%,100%,100%,100%,100%,93%,100%,100%,100%,100%,100%,100%,100%,100%,100%,100%,100%,100%,100%,100%,100%,,99.8%,,
5,AWS Rekayasa Skouw.,,99%,100%,100%,100%,100%,100%,100%,100%,100%,100%,100%,100%,100%,100%,100%,100%,100%,100%,100%,100%,100%,100%,100%,100%,100%,100%,100%,100%,100%,100%,,100.0%,,
6,AWS IKRO Staklim Papua,,98%,86%,94%,99%,100%,98%,100%,100%,100%,100%,100%,100%,100%,100%,100%,93%,100%,100%,100%,100%,100%,100%,100%,100%,100%,100%,100%,100%,100%,100%,,98.9%,,
7,AAWS Koya Barat,,100%,100%,100%,100%,100%,100%,100%,100%,100%,100%,100%,100%,100%,100%,100%,8%,0%,0%,0%,18%,0%,0%,17%,0%,0%,0%,0%,0%,0%,0%,,51.4%,kendala catudaya,
8,AWS GAW Vihara Klademark,Staklim Papua Barat,86%,87%,86%,82%,53%,84%,86%,84%,84%,89%,86%,82%,75%,67%,63%,54%,51%,43%,48%,44%,48%,50%,53%,52%,47%,44%,98%,100%,100%,99%,,70.8%,Mohon teknsi UPT disampaikan kendalanya,
9,AWS Manokwari Selatan Rekayasa,,99%,100%,100%,100%,100%,100%,100%,100%,100%,100%,100%,100%,100%,100%,100%,100%,100%,100%,100%,100%,100%,100%,100%,100%,100%,99%,100%,100%,100%,100%,,99.9%,,
10,AWS Staklim Papua Barat,,99%,100%,99%,100%,95%,99%,99%,100%,100%,97%,100%,100%,100%,100%,97%,98%,100%,100%,100%,100%,100%,100%,100%,100%,97%,100%,100%,100%,100%,97%,,99.2%,,
11,AWS IKRO Staklim Papua Barat,,100%,100%,61%,96%,40%,100%,99%,100%,100%,100%,94%,90%,88%,100%,100%,81%,100%,100%,88%,100%,100%,84%,100%,97%,97%,95%,100%,19%,12%,14%,,85.2%,Sering mati listrik sehingga komputer mati,
12,AWS Raisei,,48%,80%,94%,100%,77%,77%,87%,100%,100%,100%,100%,100%,100%,100%,100%,100%,100%,100%,100%,100%,100%,100%,85%,85%,100%,100%,100%,100%,100%,100%,,94.4%,,
13,AWS Asiki,Staklim Papua Selatan,100%,100%,100%,100%,100%,100%,100%,100%,100%,100%,100%,100%,100%,100%,100%,100%,100%,100%,100%,100%,100%,100%,100%,100%,100%,100%,99%,100%,100%,100%,,100.0%,,
14,AAWS Staklim Tanah Miring,,100%,100%,100%,100%,100%,100%,100%,100%,100%,100%,100%,100%,100%,100%,100%,100%,100%,100%,100%,100%,100%,100%,100%,100%,100%,100%,100%,100%,100%,100%,,100.0%,"Rusak Ringan, Diperlukan penggantian Piranometer",
15,AWS IKRO Staklim Tanah Miring,,100%,95%,98%,98%,99%,95%,100%,97%,100%,100%,97%,100%,97%,100%,91%,100%,95%,100%,96%,74%,47%,98%,100%,87%,96%,100%,97%,100%,10%,87%,,91.8%,,
16,AWS Digi Dok II.,Stamar Dok II,100%,100%,100%,100%,100%,100%,100%,100%,100%,100%,97%,97%,97%,97%,97%,97%,97%,97%,97%,97%,97%,97%,97%,97%,97%,97%,97%,97%,97%,97%,,98.0%,"Rusak Ringan, Sensor wind evaporimeter bermasalah",
17,AWS Pelabuhan Jayapura,,100%,100%,100%,100%,100%,100%,100%,100%,100%,100%,100%,100%,100%,100%,100%,100%,100%,100%,100%,100%,100%,100%,100%,100%,100%,100%,100%,100%,100%,100%,,100.0%,,
18,AWS Stamet Enarotali,Stamet Enarotali,100%,100%,100%,100%,100%,100%,100%,100%,100%,100%,100%,100%,100%,100%,100%,100%,100%,100%,100%,100%,100%,100%,100%,100%,100%,100%,100%,100%,100%,100%,,100.0%,,
19,AWS Digi Stamet Enarotali,,100%,98%,100%,100%,100%,100%,90%,100%,100%,100%,100%,100%,98%,100%,100%,100%,100%,100%,100%,100%,100%,100%,100%,100%,100%,100%,100%,100%,100%,100%,,99.5%,,
20,AWS Degreane Stamet Manokwari ,Stamet Manokwari,96%,96%,96%,96%,96%,96%,96%,96%,96%,96%,96%,96%,96%,96%,96%,96%,96%,96%,96%,96%,96%,96%,96%,96%,96%,96%,96%,96%,96%,96%,,96.0%,"Rusak ringan (baterai tidak kuat (sementara menggunakan baterai milik Stamet)) , data normal, hasil kalibrasi baik.",
21,AWS Rekayasa Stamet Manokwari,,50%,50%,50%,50%,50%,50%,50%,50%,50%,50%,50%,50%,50%,50%,50%,50%,50%,50%,50%,50%,50%,50%,50%,50%,50%,50%,50%,50%,50%,50%,,50.0%,"Rusak Sedang (Bisa diperbaiki), Off karena baterai CMOS logger sudah under voltage. Menunggu data logger baru dari pusat. Sedang dikirim",
22,AWS Digi Stamet Sorong,Stamet Sorong,96%,96%,96%,96%,96%,96%,96%,96%,96%,96%,96%,96%,96%,96%,96%,96%,96%,96%,96%,96%,96%,96%,96%,96%,96%,96%,96%,96%,96%,96%,,96.3%,"Rusak Ringan, Sensor Suhu Error",
23,AWS Mesonet (STR I) Kab. Sorong,,100%,100%,100%,100%,100%,100%,100%,100%,100%,100%,100%,100%,100%,100%,100%,100%,100%,100%,100%,100%,100%,100%,100%,100%,100%,100%,100%,100%,100%,100%,,100.0%,,
24,AWS Pelabuhan Sorong,,100%,100%,100%,100%,100%,100%,100%,100%,100%,100%,100%,100%,100%,100%,100%,100%,100%,100%,100%,100%,100%,100%,100%,100%,100%,100%,100%,100%,100%,100%,,100.0%,,
25,AWS Digi Stamet Nabire,Stamet Nabire,97%,97%,97%,97%,97%,97%,97%,97%,97%,97%,97%,97%,97%,97%,97%,97%,97%,97%,97%,97%,97%,97%,97%,97%,97%,97%,97%,97%,97%,97%,,97.0%,"Rusak Ringan, Sensor Water Level dan Temp Error (Sensor masih menunggu ketersediaan suku cadang di Inskal Pusat)",
26,AWS Digi Stamet Biak,Stamet Biak,100%,100%,100%,100%,100%,100%,100%,100%,100%,87%,100%,100%,100%,100%,100%,100%,73%,100%,89%,100%,100%,100%,100%,100%,100%,100%,100%,100%,100%,100%,,98.3%,,
27,AWS Degrean (STR I ) Stamet Fakfak,Stamet Fak fak,0%,0%,0%,0%,0%,0%,0%,0%,0%,0%,0%,0%,0%,0%,0%,0%,0%,0%,0%,0%,0%,0%,0%,0%,0%,0%,0%,0%,0%,0%,,0.0%,"Rusak Berat, PC SERVER AWS RUSAK, Logger dan sensor masi dalam kondisi menyala dan normal, hardisk PC server rusak semua",
28,AWS Degrean (STR I)Stamet Kaimana,Stamet Kaimana,100%,100%,100%,100%,100%,100%,100%,100%,100%,100%,100%,100%,100%,100%,100%,100%,100%,100%,100%,100%,100%,100%,100%,100%,100%,100%,100%,100%,100%,100%,,100.0%,"Baik ON, tidak ada tanda tanda kerusakan",
29,AWS Digi Stamet Merauke,Stamet Merauke,97%,97%,97%,97%,97%,97%,97%,97%,97%,97%,97%,97%,97%,97%,97%,97%,97%,97%,97%,97%,97%,97%,97%,97%,97%,97%,97%,97%,97%,97%,,97.0%,,
30,AWS Degreane ( STR I ) Stamet Sarmi,Stamet Sarmi,73%,73%,73%,73%,73%,73%,73%,73%,73%,73%,73%,73%,73%,73%,73%,73%,73%,73%,73%,73%,73%,73%,73%,73%,73%,73%,73%,73%,73%,73%,,72.5%,"Rusak Sedang, 
1. Sensor hujan error, ARG Tipping Bucket rusak
2. Display untuk parameter suhu tanah tidak muncul. 
3. Tanggal 10 Januari PC AWS Degreane mengalami reset sehingga data logger tidak dapat terintegrasi sistem dan display",
31,AWS Digi Stamet Sentani,Stamet Sentani,100%,100%,100%,100%,100%,100%,100%,100%,100%,100%,100%,100%,100%,100%,100%,100%,100%,100%,100%,100%,100%,100%,100%,100%,100%,100%,100%,100%,100%,100%,,100.0%,,
32,AWS Rekayasa Stamet Serui,Stamet Serui,96%,96%,96%,96%,96%,96%,96%,96%,96%,96%,96%,96%,96%,96%,96%,96%,96%,96%,96%,96%,96%,96%,96%,96%,96%,96%,96%,96%,96%,96%,,96.0%,"Rusak Ringan, Sensor Pyranometer Rusak",
33,AWS Digi Stamet Timika,Stamet Timika,100%,100%,100%,100%,100%,100%,100%,100%,100%,100%,100%,100%,100%,100%,100%,100%,100%,100%,100%,100%,100%,100%,100%,100%,100%,100%,100%,100%,100%,100%,,100.0%,,
34,AWS  Degrean (STR I )Stamet Tanah Merah,Stamet Tanah Merah,73%,73%,73%,73%,73%,73%,73%,73%,73%,73%,73%,73%,73%,73%,73%,73%,73%,73%,73%,73%,73%,73%,73%,73%,73%,73%,73%,73%,73%,73%,,73.0%,"Rusak Sedang, 
1. Tipping bucket rusak
2. sensor tidak membaca
3. kabel komunikasi dari logger (Taman Alat) ke Station sudah keropos sehingga terdapat noise yang menyebabkan komunikasi sering terputus, perlu penggantian Converter RS232 yang bagus, agar data yang dihasilkan bisa stabil 
(PERALATAN DALAM KONDISI ON)",
35,AWS Digi Wamena.,Stamet Wamena,100%,100%,100%,100%,100%,100%,100%,100%,100%,100%,100%,100%,100%,100%,100%,100%,100%,100%,100%,100%,100%,100%,100%,100%,100%,100%,100%,100%,100%,100%,,100.0%,,
TOTAL PERSENTASE BULANAN,,,,,,,,,,,,,,,,,,,,,,,,,,,,,,,,,,90.4%,,